#LCode	English Name	Script	Locale Level	Path Level	STStatus	Bailey	Section	Page	Header	Code	ST Link
as	Assamese	Bangla	modern	modern	n/a	E17-001	Characters	Smileys & Emotion	face-concerned	🫪 –keywords	https://st.unicode.org/v#/as//61afaaef5b9cda0
as	Assamese	Bangla	modern	modern	n/a	E17-001	Characters	Smileys & Emotion	face-concerned	🫪 -name	https://st.unicode.org/v#/as//3c7130082660f529
fr	French	Latin	modern	modern	n/a	E17-008	Characters	Objects	musical-instrument	🪊 –keywords	https://st.unicode.org/v#/fr//396f2d8fe22619b5
fr	French	Latin	modern	modern	n/a	E17-008	Characters	Objects	musical-instrument	🪊 -name	https://st.unicode.org/v#/fr//d80c778525a853d
gd	Scottish Gaelic	Latin	modern	modern	n/a	E17-005	Characters	Animals & Nature	animal-marine	🫍 –keywords	https://st.unicode.org/v#/gd//677fb06c7558087f
gd	Scottish Gaelic	Latin	modern	modern	n/a	E17-005	Characters	Animals & Nature	animal-marine	🫍 -name	https://st.unicode.org/v#/gd//2ba8eb59a8870187
hi	Hindi	Devanagari	modern	modern	n/a	E17-008	Characters	Objects	musical-instrument	🪊 –keywords	https://st.unicode.org/v#/hi//396f2d8fe22619b5
hi	Hindi	Devanagari	modern	modern	n/a	E17-008	Characters	Objects	musical-instrument	🪊 -name	https://st.unicode.org/v#/hi//d80c778525a853d
lo	Lao	Lao	modern	modern	n/a	E17-005	Characters	Animals & Nature	animal-marine	🫍 –keywords	https://st.unicode.org/v#/lo//677fb06c7558087f
lo	Lao	Lao	modern	modern	n/a	E17-005	Characters	Animals & Nature	animal-marine	🫍 -name	https://st.unicode.org/v#/lo//2ba8eb59a8870187
mr	Marathi	Devanagari	modern	modern	n/a	E10-978	Characters	Emoji Symbols	transport-sign	🚾 –keywords	https://st.unicode.org/v#/mr//48fbfe1bac740f1d
mr	Marathi	Devanagari	modern	modern	n/a	E10-978	Characters	Emoji Symbols	transport-sign	🚾 -name	https://st.unicode.org/v#/mr//6fccea5242f41d0f
nn	Norwegian Nynorsk	Latin	modern	modern	n/a	hijri (tabell, sivil)	Locale Display Names	Keys	calendar	calendar-islamic-civil-core	https://st.unicode.org/v#/nn//381a0d0c8482c89b
nn	Norwegian Nynorsk	Latin	modern	modern	n/a	skattkiste	Characters	Objects2	money	🪎 -name	https://st.unicode.org/v#/nn//4743f6c961bdc6cd
qu	Quechua	Latin	modern	modern	n/a	E10-631	Characters	Travel & Places 2	transport-air	💺 –keywords	https://st.unicode.org/v#/qu//37240c9e73be250b
qu	Quechua	Latin	modern	modern	n/a	E10-631	Characters	Travel & Places 2	transport-air	💺 -name	https://st.unicode.org/v#/qu//6f5d73bd76f8f28e
qu	Quechua	Latin	modern	modern	n/a	E10-675	Characters	Objects2	mail	📦 –keywords	https://st.unicode.org/v#/qu//70890f2d876db4c
qu	Quechua	Latin	modern	modern	n/a	E10-675	Characters	Objects2	mail	📦 -name	https://st.unicode.org/v#/qu//9dd517e70ae6d28
sl	Slovenian	Latin	modern	modern	n/a	E17-001	Characters	Smileys & Emotion	face-concerned	🫪 –keywords	https://st.unicode.org/v#/sl//61afaaef5b9cda0
sl	Slovenian	Latin	modern	modern	n/a	E17-001	Characters	Smileys & Emotion	face-concerned	🫪 -name	https://st.unicode.org/v#/sl//3c7130082660f529
sw	Swahili	Latin	modern	modern	n/a	E17-003	Characters	People & Body 2	person-fantasy	🫈 –keywords	https://st.unicode.org/v#/sw//1a9588718a22e0a1
sw	Swahili	Latin	modern	modern	n/a	E17-003	Characters	People & Body 2	person-fantasy	🫈 -name	https://st.unicode.org/v#/sw//74fb64216dfdd039
sw	Swahili	Latin	modern	modern	n/a	E17-005	Characters	Animals & Nature	animal-marine	🫍 –keywords	https://st.unicode.org/v#/sw//677fb06c7558087f
sw	Swahili	Latin	modern	modern	n/a	E17-005	Characters	Animals & Nature	animal-marine	🫍 -name	https://st.unicode.org/v#/sw//2ba8eb59a8870187
to	Tongan	Latin	moderate	moderate	n/a	null	Locale Display Names	Keys	calendar	calendar-gregorian-core	https://st.unicode.org/v#/to//29c8990b1136ed5d
to	Tongan	Latin	moderate	moderate	n/a	null	Locale Display Names	Keys	collation	collation-standard-core	https://st.unicode.org/v#/to//742a5266b9fe2f1
to	Tongan	Latin	moderate	moderate	n/a	{1}, {0}	Date & Time	Generic	Formats - Standard - Date & Time Combination Formats	full-relative	https://st.unicode.org/v#/to//b8b55f00b0180a9
to	Tongan	Latin	moderate	moderate	n/a	{1}, {0}	Date & Time	Generic	Formats - Standard - Date & Time Combination Formats	long-relative	https://st.unicode.org/v#/to//449809cb91dbb281
to	Tongan	Latin	moderate	moderate	n/a	{1}, {0}	Date & Time	Generic	Formats - Standard - Date & Time Combination Formats	medium-relative	https://st.unicode.org/v#/to//1c09da19b962fd5f
to	Tongan	Latin	moderate	moderate	n/a	{1}, {0}	Date & Time	Generic	Formats - Standard - Date & Time Combination Formats	short-relative	https://st.unicode.org/v#/to//430829513e94c0e5
to	Tongan	Latin	moderate	moderate	n/a	E h a	Date & Time	Generic	Formats - Flexible - 12 Hour Time Formats	Eh	https://st.unicode.org/v#/to//80e65b4cca5799
to	Tongan	Latin	moderate	moderate	n/a	G y-MM	Date & Time	Generic	Formats - Flexible - Date Formats	GyM	https://st.unicode.org/v#/to//67d2a1ac024cf291
to	Tongan	Latin	moderate	moderate	n/a	G y-MM-dd, E	Date & Time	Generic	Formats - Flexible - Date Formats	GyMEd	https://st.unicode.org/v#/to//4304769b5de6924b
to	Tongan	Latin	moderate	moderate	n/a	h a v	Date & Time	Generic	Formats - Flexible - 12 Hour Time Formats	hv	https://st.unicode.org/v#/to//3d7f877d23b667e0
to	Tongan	Latin	moderate	moderate	n/a	HH'h' v	Date & Time	Generic	Formats - Flexible - 24 Hour Time Formats	Hv	https://st.unicode.org/v#/to//6c886cedf4875d66
to	Tongan	Latin	moderate	moderate	n/a	{1}, {0}	Date & Time	Gregorian	Formats - Standard - Date & Time Combination Formats	full-relative	https://st.unicode.org/v#/to//69aea48d4dcafa1c
to	Tongan	Latin	moderate	moderate	n/a	{1}, {0}	Date & Time	Gregorian	Formats - Standard - Date & Time Combination Formats	long-relative	https://st.unicode.org/v#/to//4704ea450f1ac1c7
to	Tongan	Latin	moderate	moderate	n/a	{1}, {0}	Date & Time	Gregorian	Formats - Standard - Date & Time Combination Formats	medium-relative	https://st.unicode.org/v#/to//1b31e46c02586a17
to	Tongan	Latin	moderate	moderate	n/a	{1} {0}	Date & Time	Gregorian	Formats - Standard - Date & Time Combination Formats	short-relative	https://st.unicode.org/v#/to//61ddc9a418010f71
to	Tongan	Latin	moderate	moderate	n/a	E h B	Date & Time	Gregorian	Formats - Flexible - 12 Hour Time Formats	EBh	https://st.unicode.org/v#/to//2b8bb64fac2acfc3
to	Tongan	Latin	moderate	moderate	n/a	E h a	Date & Time	Gregorian	Formats - Flexible - 12 Hour Time Formats	Eh	https://st.unicode.org/v#/to//f3b6f1e799dc395
to	Tongan	Latin	moderate	moderate	n/a	G y-MM	Date & Time	Gregorian	Formats - Flexible - Date Formats	GyM	https://st.unicode.org/v#/to//6d3920cb38c6376
to	Tongan	Latin	moderate	moderate	n/a	G y-MM-dd, E	Date & Time	Gregorian	Formats - Flexible - Date Formats	GyMEd	https://st.unicode.org/v#/to//3c9a947bdffca050
to	Tongan	Latin	moderate	moderate	n/a	h a v	Date & Time	Gregorian	Formats - Flexible - 12 Hour Time Formats	hv	https://st.unicode.org/v#/to//e119c296a55debd
to	Tongan	Latin	moderate	moderate	n/a	HH'h' v	Date & Time	Gregorian	Formats - Flexible - 24 Hour Time Formats	Hv	https://st.unicode.org/v#/to//e9e82d88304c79f
to	Tongan	Latin	moderate	moderate	n/a	GMT+?	Timezones	Timezone Display Patterns	null	GMT Unknown Format	https://st.unicode.org/v#/to//bbbadb93fde127
to	Tongan	Latin	moderate	moderate	n/a	¤ #,##0.00	Numbers	Number Formatting Patterns	Standard Patterns 	standard-currency-alphaNextToNumber	https://st.unicode.org/v#/to//6154e7673c3829ce
to	Tongan	Latin	moderate	moderate	n/a	¤ #,##0.00	Numbers	Number Formatting Patterns	Standard Patterns 	accounting-currency-alphaNextToNumber	https://st.unicode.org/v#/to//7abd37d9426d5dfa
to	Tongan	Latin	moderate	moderate	n/a	AED	Currencies	Western Asia (C)	Western Asia: United Arab Emirates	AED-name	https://st.unicode.org/v#/to//17d4e6f6de04303
to	Tongan	Latin	moderate	moderate	n/a	AED	Currencies	Western Asia (C)	Western Asia: United Arab Emirates	AED-name-other	https://st.unicode.org/v#/to//fc25f99c4635c72
to	Tongan	Latin	moderate	moderate	n/a	AFN	Currencies	Southern Asia (C)	Southern Asia: Afghanistan	AFN-name	https://st.unicode.org/v#/to//2143c475bfc49789
to	Tongan	Latin	moderate	moderate	n/a	AFN	Currencies	Southern Asia (C)	Southern Asia: Afghanistan	AFN-name-other	https://st.unicode.org/v#/to//273f773c35b87f71
to	Tongan	Latin	moderate	moderate	n/a	ALL	Currencies	Southern/Eastern Europe	Southern Europe: Albania	ALL-name	https://st.unicode.org/v#/to//1ce68db09f27168e
to	Tongan	Latin	moderate	moderate	n/a	ALL	Currencies	Southern/Eastern Europe	Southern Europe: Albania	ALL-name-other	https://st.unicode.org/v#/to//f6bed620b8beb7e
to	Tongan	Latin	moderate	moderate	n/a	AMD	Currencies	Western Asia (C)	Western Asia: Armenia	AMD-name	https://st.unicode.org/v#/to//18297165f42739ce
to	Tongan	Latin	moderate	moderate	n/a	AMD	Currencies	Western Asia (C)	Western Asia: Armenia	AMD-name-other	https://st.unicode.org/v#/to//248acb20005694b7
to	Tongan	Latin	moderate	moderate	n/a	ANG	Currencies	North America (C)	Caribbean: Netherlands Antilles: ANG (old)	ANG-name	https://st.unicode.org/v#/to//2fa097bfd08b05c6
to	Tongan	Latin	moderate	moderate	n/a	ANG	Currencies	North America (C)	Caribbean: Netherlands Antilles: ANG (old)	ANG-name-other	https://st.unicode.org/v#/to//584d29f39cc09fd6
to	Tongan	Latin	moderate	moderate	n/a	AOA	Currencies	Middle Africa	Middle Africa: Angola	AOA-name	https://st.unicode.org/v#/to//72351897bd713ef8
to	Tongan	Latin	moderate	moderate	n/a	AOA	Currencies	Middle Africa	Middle Africa: Angola	AOA-name-other	https://st.unicode.org/v#/to//5c5497e75f927e58
to	Tongan	Latin	moderate	moderate	n/a	ARS	Currencies	South America (C)	South America: Argentina	ARS-name	https://st.unicode.org/v#/to//29cc40c679e6357d
to	Tongan	Latin	moderate	moderate	n/a	ARS	Currencies	South America (C)	South America: Argentina	ARS-name-other	https://st.unicode.org/v#/to//5a22a27bff0bee86
to	Tongan	Latin	moderate	moderate	n/a	AWG	Currencies	North America (C)	Caribbean: Aruba	AWG-name	https://st.unicode.org/v#/to//3baefce3ed4a8693
to	Tongan	Latin	moderate	moderate	n/a	AWG	Currencies	North America (C)	Caribbean: Aruba	AWG-name-other	https://st.unicode.org/v#/to//5b9bb059570cff3
to	Tongan	Latin	moderate	moderate	n/a	AZN	Currencies	Western Asia (C)	Western Asia: Azerbaijan	AZN-name	https://st.unicode.org/v#/to//77b8c3e5586e1df9
to	Tongan	Latin	moderate	moderate	n/a	AZN	Currencies	Western Asia (C)	Western Asia: Azerbaijan	AZN-name-other	https://st.unicode.org/v#/to//12c8763115f6781b
to	Tongan	Latin	moderate	moderate	n/a	BAM	Currencies	Southern/Eastern Europe	Southern Europe: Bosnia & Herzegovina	BAM-name	https://st.unicode.org/v#/to//668f69fe857aa10e
to	Tongan	Latin	moderate	moderate	n/a	BAM	Currencies	Southern/Eastern Europe	Southern Europe: Bosnia & Herzegovina	BAM-name-other	https://st.unicode.org/v#/to//7059c57c6108edb4
to	Tongan	Latin	moderate	moderate	n/a	BBD	Currencies	North America (C)	Caribbean: Barbados	BBD-name	https://st.unicode.org/v#/to//5dd10a514bc04e9c
to	Tongan	Latin	moderate	moderate	n/a	BBD	Currencies	North America (C)	Caribbean: Barbados	BBD-name-other	https://st.unicode.org/v#/to//7f567380852f32f7
to	Tongan	Latin	moderate	moderate	n/a	BDT	Currencies	Southern Asia (C)	Southern Asia: Bangladesh	BDT-name	https://st.unicode.org/v#/to//6f73dc5b8778679
to	Tongan	Latin	moderate	moderate	n/a	BDT	Currencies	Southern Asia (C)	Southern Asia: Bangladesh	BDT-name-other	https://st.unicode.org/v#/to//7e800c0e24faa0b
to	Tongan	Latin	moderate	moderate	n/a	BGN	Currencies	Southern/Eastern Europe	Eastern Europe: Bulgaria	BGN-name	https://st.unicode.org/v#/to//2a5738a06188dd09
to	Tongan	Latin	moderate	moderate	n/a	BGN	Currencies	Southern/Eastern Europe	Eastern Europe: Bulgaria	BGN-name-other	https://st.unicode.org/v#/to//788350364fd22b46
to	Tongan	Latin	moderate	moderate	n/a	BHD	Currencies	Western Asia (C)	Western Asia: Bahrain	BHD-name	https://st.unicode.org/v#/to//6070425d4ecbab7d
to	Tongan	Latin	moderate	moderate	n/a	BHD	Currencies	Western Asia (C)	Western Asia: Bahrain	BHD-name-other	https://st.unicode.org/v#/to//5064a041f0381f43
to	Tongan	Latin	moderate	moderate	n/a	BIF	Currencies	Eastern Africa	Eastern Africa: Burundi	BIF-name	https://st.unicode.org/v#/to//62f6c9b0b2b720ee
to	Tongan	Latin	moderate	moderate	n/a	BIF	Currencies	Eastern Africa	Eastern Africa: Burundi	BIF-name-other	https://st.unicode.org/v#/to//7cd00a0b5471d2e0
to	Tongan	Latin	moderate	moderate	n/a	BMD	Currencies	North America (C)	Northern America: Bermuda	BMD-name	https://st.unicode.org/v#/to//56ef76ba1eaadf80
to	Tongan	Latin	moderate	moderate	n/a	BMD	Currencies	North America (C)	Northern America: Bermuda	BMD-name-other	https://st.unicode.org/v#/to//3a3ec1a0f4d3300b
to	Tongan	Latin	moderate	moderate	n/a	BND	Currencies	Southeast Asia (C)	Southeast Asia: Brunei	BND-name	https://st.unicode.org/v#/to//65e6786d67691d94
to	Tongan	Latin	moderate	moderate	n/a	BND	Currencies	Southeast Asia (C)	Southeast Asia: Brunei	BND-name-other	https://st.unicode.org/v#/to//194c1b97208a80c8
to	Tongan	Latin	moderate	moderate	n/a	BOB	Currencies	South America (C)	South America: Bolivia	BOB-name	https://st.unicode.org/v#/to//7c48ccfbe08394b7
to	Tongan	Latin	moderate	moderate	n/a	BOB	Currencies	South America (C)	South America: Bolivia	BOB-name-other	https://st.unicode.org/v#/to//2b210416349a8214
to	Tongan	Latin	moderate	moderate	n/a	BRL	Currencies	South America (C)	South America: Brazil	BRL-name	https://st.unicode.org/v#/to//42b92cc6fcad71da
to	Tongan	Latin	moderate	moderate	n/a	BRL	Currencies	South America (C)	South America: Brazil	BRL-name-other	https://st.unicode.org/v#/to//4b9cd8699b67c3b
to	Tongan	Latin	moderate	moderate	n/a	BSD	Currencies	North America (C)	Caribbean: Bahamas	BSD-name	https://st.unicode.org/v#/to//704da516fff5dbaa
to	Tongan	Latin	moderate	moderate	n/a	BSD	Currencies	North America (C)	Caribbean: Bahamas	BSD-name-other	https://st.unicode.org/v#/to//4ad43bd8b8cc70de
to	Tongan	Latin	moderate	moderate	n/a	BTN	Currencies	Southern Asia (C)	Southern Asia: Bhutan	BTN-name	https://st.unicode.org/v#/to//e5f3059a57dd7ec
to	Tongan	Latin	moderate	moderate	n/a	BTN	Currencies	Southern Asia (C)	Southern Asia: Bhutan	BTN-name-other	https://st.unicode.org/v#/to//b738acb7ba8b76d
to	Tongan	Latin	moderate	moderate	n/a	BWP	Currencies	Southern Africa	Southern Africa: Botswana	BWP-name	https://st.unicode.org/v#/to//1cb5cb416d226ab9
to	Tongan	Latin	moderate	moderate	n/a	BWP	Currencies	Southern Africa	Southern Africa: Botswana	BWP-name-other	https://st.unicode.org/v#/to//5e95c28352bc7fc8
to	Tongan	Latin	moderate	moderate	n/a	BYN	Currencies	Southern/Eastern Europe	Eastern Europe: Belarus	BYN-name	https://st.unicode.org/v#/to//6a2b565cfa0d2c8d
to	Tongan	Latin	moderate	moderate	n/a	BYN	Currencies	Southern/Eastern Europe	Eastern Europe: Belarus	BYN-name-other	https://st.unicode.org/v#/to//12f6b7c92038fe46
to	Tongan	Latin	moderate	moderate	n/a	BZD	Currencies	North America (C)	Central America: Belize	BZD-name	https://st.unicode.org/v#/to//27e10f3312c9bad0
to	Tongan	Latin	moderate	moderate	n/a	BZD	Currencies	North America (C)	Central America: Belize	BZD-name-other	https://st.unicode.org/v#/to//2eb3e7637b8109aa
to	Tongan	Latin	moderate	moderate	n/a	CAD	Currencies	North America (C)	Northern America: Canada	CAD-name	https://st.unicode.org/v#/to//784498f5498cb8
to	Tongan	Latin	moderate	moderate	n/a	CAD	Currencies	North America (C)	Northern America: Canada	CAD-name-other	https://st.unicode.org/v#/to//1e05375ecaacdaf
to	Tongan	Latin	moderate	moderate	n/a	CDF	Currencies	Middle Africa	Middle Africa: Congo - Kinshasa	CDF-name	https://st.unicode.org/v#/to//4891018be455cc69
to	Tongan	Latin	moderate	moderate	n/a	CDF	Currencies	Middle Africa	Middle Africa: Congo - Kinshasa	CDF-name-other	https://st.unicode.org/v#/to//9b56f355867e213
to	Tongan	Latin	moderate	moderate	n/a	CHF	Currencies	Northern/Western Europe	Western Europe: Switzerland	CHF-name	https://st.unicode.org/v#/to//2e6c5e67ace2d8d8
to	Tongan	Latin	moderate	moderate	n/a	CHF	Currencies	Northern/Western Europe	Western Europe: Switzerland	CHF-name-other	https://st.unicode.org/v#/to//8a400d99485752f
to	Tongan	Latin	moderate	moderate	n/a	CLP	Currencies	South America (C)	South America: Chile	CLP-name	https://st.unicode.org/v#/to//63fa409e427a9e2f
to	Tongan	Latin	moderate	moderate	n/a	CLP	Currencies	South America (C)	South America: Chile	CLP-name-other	https://st.unicode.org/v#/to//5e626d29b1fb7152
to	Tongan	Latin	moderate	moderate	n/a	CNH	Currencies	Eastern Asia (C)	Eastern Asia: China: CNH (offshore)	CNH-name	https://st.unicode.org/v#/to//7b0abdabba2d296b
to	Tongan	Latin	moderate	moderate	n/a	CNH	Currencies	Eastern Asia (C)	Eastern Asia: China: CNH (offshore)	CNH-name-other	https://st.unicode.org/v#/to//5d6b36f22c5a1078
to	Tongan	Latin	moderate	moderate	n/a	CNY	Currencies	Eastern Asia (C)	Eastern Asia: China	CNY-name	https://st.unicode.org/v#/to//7ee3078a07b28c67
to	Tongan	Latin	moderate	moderate	n/a	CNY	Currencies	Eastern Asia (C)	Eastern Asia: China	CNY-name-other	https://st.unicode.org/v#/to//7635ad6b68b27469
to	Tongan	Latin	moderate	moderate	n/a	COP	Currencies	South America (C)	South America: Colombia	COP-name	https://st.unicode.org/v#/to//4384816445e152e3
to	Tongan	Latin	moderate	moderate	n/a	COP	Currencies	South America (C)	South America: Colombia	COP-name-other	https://st.unicode.org/v#/to//7bb4b3b26acf5143
to	Tongan	Latin	moderate	moderate	n/a	CRC	Currencies	North America (C)	Central America: Costa Rica	CRC-name	https://st.unicode.org/v#/to//1d10ba30f259ab9a
to	Tongan	Latin	moderate	moderate	n/a	CRC	Currencies	North America (C)	Central America: Costa Rica	CRC-name-other	https://st.unicode.org/v#/to//6a88b69a674802bf
to	Tongan	Latin	moderate	moderate	n/a	CUC	Currencies	North America (C)	Caribbean: Cuba: CUC (old)	CUC-name	https://st.unicode.org/v#/to//6707f837facdba68
to	Tongan	Latin	moderate	moderate	n/a	CUC	Currencies	North America (C)	Caribbean: Cuba: CUC (old)	CUC-name-other	https://st.unicode.org/v#/to//3b0e0a11de7dc6a1
to	Tongan	Latin	moderate	moderate	n/a	CUP	Currencies	North America (C)	Caribbean: Cuba	CUP-name	https://st.unicode.org/v#/to//edaebdc38fc8a84
to	Tongan	Latin	moderate	moderate	n/a	CUP	Currencies	North America (C)	Caribbean: Cuba	CUP-name-other	https://st.unicode.org/v#/to//2de1f52c2f4d8d2e
to	Tongan	Latin	moderate	moderate	n/a	CVE	Currencies	Western Africa	Western Africa: Cape Verde	CVE-name	https://st.unicode.org/v#/to//1e6bb0431df359a7
to	Tongan	Latin	moderate	moderate	n/a	CVE	Currencies	Western Africa	Western Africa: Cape Verde	CVE-name-other	https://st.unicode.org/v#/to//7b7f96c0fcf8863f
to	Tongan	Latin	moderate	moderate	n/a	CZK	Currencies	Southern/Eastern Europe	Eastern Europe: Czechia	CZK-name	https://st.unicode.org/v#/to//44c8cdc2f9a9c75e
to	Tongan	Latin	moderate	moderate	n/a	CZK	Currencies	Southern/Eastern Europe	Eastern Europe: Czechia	CZK-name-other	https://st.unicode.org/v#/to//6ca462cc06f7bd7d
to	Tongan	Latin	moderate	moderate	n/a	DJF	Currencies	Eastern Africa	Eastern Africa: Djibouti	DJF-name	https://st.unicode.org/v#/to//4495e2bf1e62167c
to	Tongan	Latin	moderate	moderate	n/a	DJF	Currencies	Eastern Africa	Eastern Africa: Djibouti	DJF-name-other	https://st.unicode.org/v#/to//30b8621b0fe8578a
to	Tongan	Latin	moderate	moderate	n/a	DKK	Currencies	Northern/Western Europe	Northern Europe: Denmark	DKK-name	https://st.unicode.org/v#/to//75ad2fb4b3b6a98d
to	Tongan	Latin	moderate	moderate	n/a	DKK	Currencies	Northern/Western Europe	Northern Europe: Denmark	DKK-name-other	https://st.unicode.org/v#/to//37a19aed56136b97
to	Tongan	Latin	moderate	moderate	n/a	DOP	Currencies	North America (C)	Caribbean: Dominican Republic	DOP-name	https://st.unicode.org/v#/to//775f6cc1467c86f2
to	Tongan	Latin	moderate	moderate	n/a	DOP	Currencies	North America (C)	Caribbean: Dominican Republic	DOP-name-other	https://st.unicode.org/v#/to//49a2653bf25206b9
to	Tongan	Latin	moderate	moderate	n/a	DZD	Currencies	Northern Africa	Northern Africa: Algeria	DZD-name	https://st.unicode.org/v#/to//45fb098396a8082f
to	Tongan	Latin	moderate	moderate	n/a	DZD	Currencies	Northern Africa	Northern Africa: Algeria	DZD-name-other	https://st.unicode.org/v#/to//10a051db4cd44ee0
to	Tongan	Latin	moderate	moderate	n/a	EGP	Currencies	Northern Africa	Northern Africa: Egypt	EGP-name	https://st.unicode.org/v#/to//7937fecf4e396300
to	Tongan	Latin	moderate	moderate	n/a	EGP	Currencies	Northern Africa	Northern Africa: Egypt	EGP-name-other	https://st.unicode.org/v#/to//38df8adf2faa9738
to	Tongan	Latin	moderate	moderate	n/a	ERN	Currencies	Eastern Africa	Eastern Africa: Eritrea	ERN-name	https://st.unicode.org/v#/to//783e3841293d57b4
to	Tongan	Latin	moderate	moderate	n/a	ERN	Currencies	Eastern Africa	Eastern Africa: Eritrea	ERN-name-other	https://st.unicode.org/v#/to//124eea38c572b03e
to	Tongan	Latin	moderate	moderate	n/a	ETB	Currencies	Eastern Africa	Eastern Africa: Ethiopia	ETB-name	https://st.unicode.org/v#/to//5c8a53d3a7ad1efb
to	Tongan	Latin	moderate	moderate	n/a	ETB	Currencies	Eastern Africa	Eastern Africa: Ethiopia	ETB-name-other	https://st.unicode.org/v#/to//57ef0afbd1d22824
to	Tongan	Latin	moderate	moderate	n/a	FKP	Currencies	South America (C)	South America: Falkland Islands	FKP-name	https://st.unicode.org/v#/to//6396341d356a3fcf
to	Tongan	Latin	moderate	moderate	n/a	FKP	Currencies	South America (C)	South America: Falkland Islands	FKP-name-other	https://st.unicode.org/v#/to//5dde7cc68f9d8f50
to	Tongan	Latin	moderate	moderate	n/a	GBP	Currencies	Northern/Western Europe	Northern Europe: United Kingdom	GBP-name	https://st.unicode.org/v#/to//55b33d7d4a4ddb24
to	Tongan	Latin	moderate	moderate	n/a	GBP	Currencies	Northern/Western Europe	Northern Europe: United Kingdom	GBP-name-other	https://st.unicode.org/v#/to//1b1d1f8db6449871
to	Tongan	Latin	moderate	moderate	n/a	GEL	Currencies	Western Asia (C)	Western Asia: Georgia	GEL-name	https://st.unicode.org/v#/to//5bb7fd56ec415b0
to	Tongan	Latin	moderate	moderate	n/a	GEL	Currencies	Western Asia (C)	Western Asia: Georgia	GEL-name-other	https://st.unicode.org/v#/to//4ea7259a703b7086
to	Tongan	Latin	moderate	moderate	n/a	GHS	Currencies	Western Africa	Western Africa: Ghana	GHS-name	https://st.unicode.org/v#/to//46b93fa2ce4c219e
to	Tongan	Latin	moderate	moderate	n/a	GHS	Currencies	Western Africa	Western Africa: Ghana	GHS-name-other	https://st.unicode.org/v#/to//14db5c372a7d39cc
to	Tongan	Latin	moderate	moderate	n/a	GIP	Currencies	Southern/Eastern Europe	Southern Europe: Gibraltar	GIP-name	https://st.unicode.org/v#/to//3a57427c721eb335
to	Tongan	Latin	moderate	moderate	n/a	GIP	Currencies	Southern/Eastern Europe	Southern Europe: Gibraltar	GIP-name-other	https://st.unicode.org/v#/to//3490eeccd7f3542
to	Tongan	Latin	moderate	moderate	n/a	GMD	Currencies	Western Africa	Western Africa: Gambia	GMD-name	https://st.unicode.org/v#/to//397b627f783fef8a
to	Tongan	Latin	moderate	moderate	n/a	GMD	Currencies	Western Africa	Western Africa: Gambia	GMD-name-other	https://st.unicode.org/v#/to//1869c940ba3480cb
to	Tongan	Latin	moderate	moderate	n/a	GNF	Currencies	Western Africa	Western Africa: Guinea	GNF-name	https://st.unicode.org/v#/to//5a6979e2c1a31321
to	Tongan	Latin	moderate	moderate	n/a	GNF	Currencies	Western Africa	Western Africa: Guinea	GNF-name-other	https://st.unicode.org/v#/to//354f2e3d4c252894
to	Tongan	Latin	moderate	moderate	n/a	GTQ	Currencies	North America (C)	Central America: Guatemala	GTQ-name	https://st.unicode.org/v#/to//261d4169a3dc3d31
to	Tongan	Latin	moderate	moderate	n/a	GTQ	Currencies	North America (C)	Central America: Guatemala	GTQ-name-other	https://st.unicode.org/v#/to//7a211d07b6c8c93d
to	Tongan	Latin	moderate	moderate	n/a	GYD	Currencies	South America (C)	South America: Guyana	GYD-name	https://st.unicode.org/v#/to//2aedd38cb57a4f5
to	Tongan	Latin	moderate	moderate	n/a	GYD	Currencies	South America (C)	South America: Guyana	GYD-name-other	https://st.unicode.org/v#/to//444a4ee890d00eb8
to	Tongan	Latin	moderate	moderate	n/a	HKD	Currencies	Eastern Asia (C)	Eastern Asia: Hong Kong SAR China	HKD-name	https://st.unicode.org/v#/to//4fe1c3e5b4be32ef
to	Tongan	Latin	moderate	moderate	n/a	HKD	Currencies	Eastern Asia (C)	Eastern Asia: Hong Kong SAR China	HKD-name-other	https://st.unicode.org/v#/to//3f69b8470fa3824f
to	Tongan	Latin	moderate	moderate	n/a	HNL	Currencies	North America (C)	Central America: Honduras	HNL-name	https://st.unicode.org/v#/to//9d481a5c9bd48f7
to	Tongan	Latin	moderate	moderate	n/a	HNL	Currencies	North America (C)	Central America: Honduras	HNL-name-other	https://st.unicode.org/v#/to//2f42bec19fb08e05
to	Tongan	Latin	moderate	moderate	n/a	HRK	Currencies	Southern/Eastern Europe	Southern Europe: Croatia: HRK (old)	HRK-name	https://st.unicode.org/v#/to//4b4d306f75d64388
to	Tongan	Latin	moderate	moderate	n/a	HRK	Currencies	Southern/Eastern Europe	Southern Europe: Croatia: HRK (old)	HRK-name-other	https://st.unicode.org/v#/to//1adceb6c2811f1da
to	Tongan	Latin	moderate	moderate	n/a	HTG	Currencies	North America (C)	Caribbean: Haiti	HTG-name	https://st.unicode.org/v#/to//1ec5cfb0cdae15ad
to	Tongan	Latin	moderate	moderate	n/a	HTG	Currencies	North America (C)	Caribbean: Haiti	HTG-name-other	https://st.unicode.org/v#/to//268e78b4b307ed4d
to	Tongan	Latin	moderate	moderate	n/a	HUF	Currencies	Southern/Eastern Europe	Eastern Europe: Hungary	HUF-name	https://st.unicode.org/v#/to//539e082c17d49876
to	Tongan	Latin	moderate	moderate	n/a	HUF	Currencies	Southern/Eastern Europe	Eastern Europe: Hungary	HUF-name-other	https://st.unicode.org/v#/to//6f622b61cfaf5130
to	Tongan	Latin	moderate	moderate	n/a	IDR	Currencies	Southeast Asia (C)	Southeast Asia: Indonesia	IDR-name	https://st.unicode.org/v#/to//39aeef07e7f1f849
to	Tongan	Latin	moderate	moderate	n/a	IDR	Currencies	Southeast Asia (C)	Southeast Asia: Indonesia	IDR-name-other	https://st.unicode.org/v#/to//2f674d0113057f89
to	Tongan	Latin	moderate	moderate	n/a	ILS	Currencies	Western Asia (C)	Western Asia: Israel	ILS-name	https://st.unicode.org/v#/to//1ded921c74d570d7
to	Tongan	Latin	moderate	moderate	n/a	ILS	Currencies	Western Asia (C)	Western Asia: Israel	ILS-name-other	https://st.unicode.org/v#/to//176ec5d0b775ac84
to	Tongan	Latin	moderate	moderate	n/a	INR	Currencies	Southern Asia (C)	Southern Asia: India	INR-name	https://st.unicode.org/v#/to//429f92f78f376380
to	Tongan	Latin	moderate	moderate	n/a	INR	Currencies	Southern Asia (C)	Southern Asia: India	INR-name-other	https://st.unicode.org/v#/to//1be37189a56d6fd5
to	Tongan	Latin	moderate	moderate	n/a	IQD	Currencies	Western Asia (C)	Western Asia: Iraq	IQD-name	https://st.unicode.org/v#/to//6144a1757e350ceb
to	Tongan	Latin	moderate	moderate	n/a	IQD	Currencies	Western Asia (C)	Western Asia: Iraq	IQD-name-other	https://st.unicode.org/v#/to//28ed559aecd83a16
to	Tongan	Latin	moderate	moderate	n/a	IRR	Currencies	Southern Asia (C)	Southern Asia: Iran	IRR-name	https://st.unicode.org/v#/to//7d14bf3389aff5de
to	Tongan	Latin	moderate	moderate	n/a	IRR	Currencies	Southern Asia (C)	Southern Asia: Iran	IRR-name-other	https://st.unicode.org/v#/to//75b66bfad03be7e9
to	Tongan	Latin	moderate	moderate	n/a	ISK	Currencies	Northern/Western Europe	Northern Europe: Iceland	ISK-name	https://st.unicode.org/v#/to//b77d3376f8e1dbf
to	Tongan	Latin	moderate	moderate	n/a	ISK	Currencies	Northern/Western Europe	Northern Europe: Iceland	ISK-name-other	https://st.unicode.org/v#/to//61e176d6fcf5d3b2
to	Tongan	Latin	moderate	moderate	n/a	JMD	Currencies	North America (C)	Caribbean: Jamaica	JMD-name	https://st.unicode.org/v#/to//4c4280ed71d9cb31
to	Tongan	Latin	moderate	moderate	n/a	JMD	Currencies	North America (C)	Caribbean: Jamaica	JMD-name-other	https://st.unicode.org/v#/to//118a6961c056a47c
to	Tongan	Latin	moderate	moderate	n/a	JOD	Currencies	Western Asia (C)	Western Asia: Jordan	JOD-name	https://st.unicode.org/v#/to//23ae03047380bfa5
to	Tongan	Latin	moderate	moderate	n/a	JOD	Currencies	Western Asia (C)	Western Asia: Jordan	JOD-name-other	https://st.unicode.org/v#/to//47ca48e2d216024f
to	Tongan	Latin	moderate	moderate	n/a	JPY	Currencies	Eastern Asia (C)	Eastern Asia: Japan	JPY-name	https://st.unicode.org/v#/to//28097fc3a5b0526d
to	Tongan	Latin	moderate	moderate	n/a	JPY	Currencies	Eastern Asia (C)	Eastern Asia: Japan	JPY-name-other	https://st.unicode.org/v#/to//579f6552c1642b25
to	Tongan	Latin	moderate	moderate	n/a	KES	Currencies	Eastern Africa	Eastern Africa: Kenya	KES-name	https://st.unicode.org/v#/to//6628d03d7e5ad22f
to	Tongan	Latin	moderate	moderate	n/a	KES	Currencies	Eastern Africa	Eastern Africa: Kenya	KES-name-other	https://st.unicode.org/v#/to//4b09bab87c325994
to	Tongan	Latin	moderate	moderate	n/a	KGS	Currencies	Central Asia (C)	Central Asia: Kyrgyzstan	KGS-name	https://st.unicode.org/v#/to//590ea1de0df2302e
to	Tongan	Latin	moderate	moderate	n/a	KGS	Currencies	Central Asia (C)	Central Asia: Kyrgyzstan	KGS-name-other	https://st.unicode.org/v#/to//53e03a7c29e209d5
to	Tongan	Latin	moderate	moderate	n/a	KHR	Currencies	Southeast Asia (C)	Southeast Asia: Cambodia	KHR-name	https://st.unicode.org/v#/to//4feb7d2ff4565c56
to	Tongan	Latin	moderate	moderate	n/a	KHR	Currencies	Southeast Asia (C)	Southeast Asia: Cambodia	KHR-name-other	https://st.unicode.org/v#/to//77a4762bd297d366
to	Tongan	Latin	moderate	moderate	n/a	KMF	Currencies	Eastern Africa	Eastern Africa: Comoros	KMF-name	https://st.unicode.org/v#/to//5dd22c68cb39f46
to	Tongan	Latin	moderate	moderate	n/a	KMF	Currencies	Eastern Africa	Eastern Africa: Comoros	KMF-name-other	https://st.unicode.org/v#/to//bff036d1b66f27e
to	Tongan	Latin	moderate	moderate	n/a	KPW	Currencies	Eastern Asia (C)	Eastern Asia: North Korea	KPW-name	https://st.unicode.org/v#/to//8fc6d3e8e10c119
to	Tongan	Latin	moderate	moderate	n/a	KPW	Currencies	Eastern Asia (C)	Eastern Asia: North Korea	KPW-name-other	https://st.unicode.org/v#/to//55d37b5e62cf2c93
to	Tongan	Latin	moderate	moderate	n/a	KRW	Currencies	Eastern Asia (C)	Eastern Asia: South Korea	KRW-name	https://st.unicode.org/v#/to//7624afff616fa0df
to	Tongan	Latin	moderate	moderate	n/a	KRW	Currencies	Eastern Asia (C)	Eastern Asia: South Korea	KRW-name-other	https://st.unicode.org/v#/to//69c90ea59824eea0
to	Tongan	Latin	moderate	moderate	n/a	KWD	Currencies	Western Asia (C)	Western Asia: Kuwait	KWD-name	https://st.unicode.org/v#/to//15db5bad7429d058
to	Tongan	Latin	moderate	moderate	n/a	KWD	Currencies	Western Asia (C)	Western Asia: Kuwait	KWD-name-other	https://st.unicode.org/v#/to//6f72fe374efeb352
to	Tongan	Latin	moderate	moderate	n/a	KYD	Currencies	North America (C)	Caribbean: Cayman Islands	KYD-name	https://st.unicode.org/v#/to//284e99f3386be848
to	Tongan	Latin	moderate	moderate	n/a	KYD	Currencies	North America (C)	Caribbean: Cayman Islands	KYD-name-other	https://st.unicode.org/v#/to//391cb60802a00fb2
to	Tongan	Latin	moderate	moderate	n/a	KZT	Currencies	Central Asia (C)	Central Asia: Kazakhstan	KZT-name	https://st.unicode.org/v#/to//2a294328edabbd1d
to	Tongan	Latin	moderate	moderate	n/a	KZT	Currencies	Central Asia (C)	Central Asia: Kazakhstan	KZT-name-other	https://st.unicode.org/v#/to//406d7e490e4e1f99
to	Tongan	Latin	moderate	moderate	n/a	LAK	Currencies	Southeast Asia (C)	Southeast Asia: Laos	LAK-name	https://st.unicode.org/v#/to//49503a352a7f2bca
to	Tongan	Latin	moderate	moderate	n/a	LAK	Currencies	Southeast Asia (C)	Southeast Asia: Laos	LAK-name-other	https://st.unicode.org/v#/to//7d00c8e5501fcd4e
to	Tongan	Latin	moderate	moderate	n/a	LBP	Currencies	Western Asia (C)	Western Asia: Lebanon	LBP-name	https://st.unicode.org/v#/to//4b37acbb7cedf75
to	Tongan	Latin	moderate	moderate	n/a	LBP	Currencies	Western Asia (C)	Western Asia: Lebanon	LBP-name-other	https://st.unicode.org/v#/to//6935ada2062dad2e
to	Tongan	Latin	moderate	moderate	n/a	LKR	Currencies	Southern Asia (C)	Southern Asia: Sri Lanka	LKR-name	https://st.unicode.org/v#/to//6d5dcadb1ae41a98
to	Tongan	Latin	moderate	moderate	n/a	LKR	Currencies	Southern Asia (C)	Southern Asia: Sri Lanka	LKR-name-other	https://st.unicode.org/v#/to//2703cb0bf4234bfa
to	Tongan	Latin	moderate	moderate	n/a	LRD	Currencies	Western Africa	Western Africa: Liberia	LRD-name	https://st.unicode.org/v#/to//2c2d999d15a87997
to	Tongan	Latin	moderate	moderate	n/a	LRD	Currencies	Western Africa	Western Africa: Liberia	LRD-name-other	https://st.unicode.org/v#/to//1a123a7af6de54ee
to	Tongan	Latin	moderate	moderate	n/a	LSL	Currencies	Southern Africa	Southern Africa: Lesotho	LSL-name	https://st.unicode.org/v#/to//73cdaa7e87cb07d1
to	Tongan	Latin	moderate	moderate	n/a	LSL	Currencies	Southern Africa	Southern Africa: Lesotho	LSL-name-other	https://st.unicode.org/v#/to//18e72d157fb85bce
to	Tongan	Latin	moderate	moderate	n/a	LYD	Currencies	Northern Africa	Northern Africa: Libya	LYD-name	https://st.unicode.org/v#/to//6baa4fe199699fcb
to	Tongan	Latin	moderate	moderate	n/a	LYD	Currencies	Northern Africa	Northern Africa: Libya	LYD-name-other	https://st.unicode.org/v#/to//4100d9c660331944
to	Tongan	Latin	moderate	moderate	n/a	MAD	Currencies	Northern Africa	Northern Africa: Morocco	MAD-name	https://st.unicode.org/v#/to//7af1e63ad53d7d18
to	Tongan	Latin	moderate	moderate	n/a	MAD	Currencies	Northern Africa	Northern Africa: Morocco	MAD-name-other	https://st.unicode.org/v#/to//2b0b78db588c0daf
to	Tongan	Latin	moderate	moderate	n/a	MDL	Currencies	Southern/Eastern Europe	Eastern Europe: Moldova	MDL-name	https://st.unicode.org/v#/to//f4c028b43d7edc0
to	Tongan	Latin	moderate	moderate	n/a	MDL	Currencies	Southern/Eastern Europe	Eastern Europe: Moldova	MDL-name-other	https://st.unicode.org/v#/to//4747a3384deaf2fa
to	Tongan	Latin	moderate	moderate	n/a	MGA	Currencies	Eastern Africa	Eastern Africa: Madagascar	MGA-name	https://st.unicode.org/v#/to//7ddc3aa0c2db9b9e
to	Tongan	Latin	moderate	moderate	n/a	MGA	Currencies	Eastern Africa	Eastern Africa: Madagascar	MGA-name-other	https://st.unicode.org/v#/to//3b41868091672b21
to	Tongan	Latin	moderate	moderate	n/a	MKD	Currencies	Southern/Eastern Europe	Southern Europe: North Macedonia	MKD-name	https://st.unicode.org/v#/to//6f5e12e68785495d
to	Tongan	Latin	moderate	moderate	n/a	MKD	Currencies	Southern/Eastern Europe	Southern Europe: North Macedonia	MKD-name-other	https://st.unicode.org/v#/to//7bd6daff663716d5
to	Tongan	Latin	moderate	moderate	n/a	MMK	Currencies	Southeast Asia (C)	Southeast Asia: Myanmar (Burma)	MMK-name	https://st.unicode.org/v#/to//4db49f41db2928e4
to	Tongan	Latin	moderate	moderate	n/a	MMK	Currencies	Southeast Asia (C)	Southeast Asia: Myanmar (Burma)	MMK-name-other	https://st.unicode.org/v#/to//79b248c7e6bf1b4
to	Tongan	Latin	moderate	moderate	n/a	MNT	Currencies	Eastern Asia (C)	Eastern Asia: Mongolia	MNT-name	https://st.unicode.org/v#/to//54da94bcc22a3d01
to	Tongan	Latin	moderate	moderate	n/a	MNT	Currencies	Eastern Asia (C)	Eastern Asia: Mongolia	MNT-name-other	https://st.unicode.org/v#/to//843cdec082641e7
to	Tongan	Latin	moderate	moderate	n/a	MOP	Currencies	Eastern Asia (C)	Eastern Asia: Macao SAR China	MOP-name	https://st.unicode.org/v#/to//179d04c59e747860
to	Tongan	Latin	moderate	moderate	n/a	MOP	Currencies	Eastern Asia (C)	Eastern Asia: Macao SAR China	MOP-name-other	https://st.unicode.org/v#/to//2793ba1099ef0629
to	Tongan	Latin	moderate	moderate	n/a	MRU	Currencies	Western Africa	Western Africa: Mauritania	MRU-name	https://st.unicode.org/v#/to//66721da90aee2dfe
to	Tongan	Latin	moderate	moderate	n/a	MRU	Currencies	Western Africa	Western Africa: Mauritania	MRU-name-other	https://st.unicode.org/v#/to//1c98e4ca89bad5c7
to	Tongan	Latin	moderate	moderate	n/a	MUR	Currencies	Eastern Africa	Eastern Africa: Mauritius	MUR-name	https://st.unicode.org/v#/to//3955735cdcd285dd
to	Tongan	Latin	moderate	moderate	n/a	MUR	Currencies	Eastern Africa	Eastern Africa: Mauritius	MUR-name-other	https://st.unicode.org/v#/to//6cc6e3e66c2bcfb0
to	Tongan	Latin	moderate	moderate	n/a	MVR	Currencies	Southern Asia (C)	Southern Asia: Maldives	MVR-name	https://st.unicode.org/v#/to//1aa997b592a67c78
to	Tongan	Latin	moderate	moderate	n/a	MVR	Currencies	Southern Asia (C)	Southern Asia: Maldives	MVR-name-other	https://st.unicode.org/v#/to//1c686cd10c4711b8
to	Tongan	Latin	moderate	moderate	n/a	MWK	Currencies	Eastern Africa	Eastern Africa: Malawi	MWK-name	https://st.unicode.org/v#/to//86eb22e4da2cbd0
to	Tongan	Latin	moderate	moderate	n/a	MWK	Currencies	Eastern Africa	Eastern Africa: Malawi	MWK-name-other	https://st.unicode.org/v#/to//3ee41f435d50a841
to	Tongan	Latin	moderate	moderate	n/a	MXN	Currencies	North America (C)	Central America: Mexico	MXN-name	https://st.unicode.org/v#/to//7b1066e051631b8a
to	Tongan	Latin	moderate	moderate	n/a	MXN	Currencies	North America (C)	Central America: Mexico	MXN-name-other	https://st.unicode.org/v#/to//7c0aae43f2809b94
to	Tongan	Latin	moderate	moderate	n/a	MYR	Currencies	Southeast Asia (C)	Southeast Asia: Malaysia	MYR-name	https://st.unicode.org/v#/to//406c9ae9e2a0b83d
to	Tongan	Latin	moderate	moderate	n/a	MYR	Currencies	Southeast Asia (C)	Southeast Asia: Malaysia	MYR-name-other	https://st.unicode.org/v#/to//299e0e96d40cb17d
to	Tongan	Latin	moderate	moderate	n/a	MZN	Currencies	Eastern Africa	Eastern Africa: Mozambique	MZN-name	https://st.unicode.org/v#/to//4d5e8d9ca37f1cc5
to	Tongan	Latin	moderate	moderate	n/a	MZN	Currencies	Eastern Africa	Eastern Africa: Mozambique	MZN-name-other	https://st.unicode.org/v#/to//cda5fb6aa376751
to	Tongan	Latin	moderate	moderate	n/a	NAD	Currencies	Southern Africa	Southern Africa: Namibia	NAD-name	https://st.unicode.org/v#/to//383b6ce2460980da
to	Tongan	Latin	moderate	moderate	n/a	NAD	Currencies	Southern Africa	Southern Africa: Namibia	NAD-name-other	https://st.unicode.org/v#/to//d97406a6cddac5
to	Tongan	Latin	moderate	moderate	n/a	NGN	Currencies	Western Africa	Western Africa: Nigeria	NGN-name	https://st.unicode.org/v#/to//2b24788d128a835a
to	Tongan	Latin	moderate	moderate	n/a	NGN	Currencies	Western Africa	Western Africa: Nigeria	NGN-name-other	https://st.unicode.org/v#/to//7ff1ed1e4ee16bf0
to	Tongan	Latin	moderate	moderate	n/a	NIO	Currencies	North America (C)	Central America: Nicaragua	NIO-name	https://st.unicode.org/v#/to//15a13ed4ca1341fc
to	Tongan	Latin	moderate	moderate	n/a	NIO	Currencies	North America (C)	Central America: Nicaragua	NIO-name-other	https://st.unicode.org/v#/to//3f3d157993e9d13e
to	Tongan	Latin	moderate	moderate	n/a	NOK	Currencies	Northern/Western Europe	Northern Europe: Norway	NOK-name	https://st.unicode.org/v#/to//2338e8c92ad9abd9
to	Tongan	Latin	moderate	moderate	n/a	NOK	Currencies	Northern/Western Europe	Northern Europe: Norway	NOK-name-other	https://st.unicode.org/v#/to//6d3a128fe61b6b78
to	Tongan	Latin	moderate	moderate	n/a	NPR	Currencies	Southern Asia (C)	Southern Asia: Nepal	NPR-name	https://st.unicode.org/v#/to//3d851a77d31434b9
to	Tongan	Latin	moderate	moderate	n/a	NPR	Currencies	Southern Asia (C)	Southern Asia: Nepal	NPR-name-other	https://st.unicode.org/v#/to//f80b05969a10413
to	Tongan	Latin	moderate	moderate	n/a	OMR	Currencies	Western Asia (C)	Western Asia: Oman	OMR-name	https://st.unicode.org/v#/to//4c819691655e3dc4
to	Tongan	Latin	moderate	moderate	n/a	OMR	Currencies	Western Asia (C)	Western Asia: Oman	OMR-name-other	https://st.unicode.org/v#/to//415775c5206e8422
to	Tongan	Latin	moderate	moderate	n/a	PAB	Currencies	North America (C)	Central America: Panama	PAB-name	https://st.unicode.org/v#/to//2359bf72d8a955af
to	Tongan	Latin	moderate	moderate	n/a	PAB	Currencies	North America (C)	Central America: Panama	PAB-name-other	https://st.unicode.org/v#/to//6d060936d6d1033b
to	Tongan	Latin	moderate	moderate	n/a	PEN	Currencies	South America (C)	South America: Peru	PEN-name	https://st.unicode.org/v#/to//44c778f9d12594e3
to	Tongan	Latin	moderate	moderate	n/a	PEN	Currencies	South America (C)	South America: Peru	PEN-name-other	https://st.unicode.org/v#/to//45052bb95a7dceed
to	Tongan	Latin	moderate	moderate	n/a	PHP	Currencies	Southeast Asia (C)	Southeast Asia: Philippines	PHP-name	https://st.unicode.org/v#/to//2e8116ba8ad3e54f
to	Tongan	Latin	moderate	moderate	n/a	PHP	Currencies	Southeast Asia (C)	Southeast Asia: Philippines	PHP-name-other	https://st.unicode.org/v#/to//33557f4baedfc113
to	Tongan	Latin	moderate	moderate	n/a	PKR	Currencies	Southern Asia (C)	Southern Asia: Pakistan	PKR-name	https://st.unicode.org/v#/to//1161f505b4d75314
to	Tongan	Latin	moderate	moderate	n/a	PKR	Currencies	Southern Asia (C)	Southern Asia: Pakistan	PKR-name-other	https://st.unicode.org/v#/to//756cde33d8f48a04
to	Tongan	Latin	moderate	moderate	n/a	PLN	Currencies	Southern/Eastern Europe	Eastern Europe: Poland	PLN-name	https://st.unicode.org/v#/to//1bc46b34391ef925
to	Tongan	Latin	moderate	moderate	n/a	PLN	Currencies	Southern/Eastern Europe	Eastern Europe: Poland	PLN-name-other	https://st.unicode.org/v#/to//69d32d366683281
to	Tongan	Latin	moderate	moderate	n/a	PYG	Currencies	South America (C)	South America: Paraguay	PYG-name	https://st.unicode.org/v#/to//35733e76807aa082
to	Tongan	Latin	moderate	moderate	n/a	PYG	Currencies	South America (C)	South America: Paraguay	PYG-name-other	https://st.unicode.org/v#/to//15e5c1f2e889f607
to	Tongan	Latin	moderate	moderate	n/a	QAR	Currencies	Western Asia (C)	Western Asia: Qatar	QAR-name	https://st.unicode.org/v#/to//65dd6541c0827b45
to	Tongan	Latin	moderate	moderate	n/a	QAR	Currencies	Western Asia (C)	Western Asia: Qatar	QAR-name-other	https://st.unicode.org/v#/to//68eaa0e959c51cfe
to	Tongan	Latin	moderate	moderate	n/a	RON	Currencies	Southern/Eastern Europe	Eastern Europe: Romania	RON-name	https://st.unicode.org/v#/to//6e2485fa6713dccc
to	Tongan	Latin	moderate	moderate	n/a	RON	Currencies	Southern/Eastern Europe	Eastern Europe: Romania	RON-name-other	https://st.unicode.org/v#/to//5a813c6de195b2f9
to	Tongan	Latin	moderate	moderate	n/a	RSD	Currencies	Southern/Eastern Europe	Southern Europe: Serbia	RSD-name	https://st.unicode.org/v#/to//48b5988916e93881
to	Tongan	Latin	moderate	moderate	n/a	RSD	Currencies	Southern/Eastern Europe	Southern Europe: Serbia	RSD-name-other	https://st.unicode.org/v#/to//689650121560be3d
to	Tongan	Latin	moderate	moderate	n/a	RUB	Currencies	Southern/Eastern Europe	Eastern Europe: Russia	RUB-name	https://st.unicode.org/v#/to//5204175e28d38353
to	Tongan	Latin	moderate	moderate	n/a	RUB	Currencies	Southern/Eastern Europe	Eastern Europe: Russia	RUB-name-other	https://st.unicode.org/v#/to//4b02256ab8a800d4
to	Tongan	Latin	moderate	moderate	n/a	RWF	Currencies	Eastern Africa	Eastern Africa: Rwanda	RWF-name	https://st.unicode.org/v#/to//65fee1386950ed50
to	Tongan	Latin	moderate	moderate	n/a	RWF	Currencies	Eastern Africa	Eastern Africa: Rwanda	RWF-name-other	https://st.unicode.org/v#/to//105abe7849fa3d81
to	Tongan	Latin	moderate	moderate	n/a	SAR	Currencies	Western Asia (C)	Western Asia: Saudi Arabia	SAR-name	https://st.unicode.org/v#/to//2ba04cd66be7e959
to	Tongan	Latin	moderate	moderate	n/a	SAR	Currencies	Western Asia (C)	Western Asia: Saudi Arabia	SAR-name-other	https://st.unicode.org/v#/to//2abac275d5ed0bc
to	Tongan	Latin	moderate	moderate	n/a	SCR	Currencies	Eastern Africa	Eastern Africa: Seychelles	SCR-name	https://st.unicode.org/v#/to//732d6f8063f1113
to	Tongan	Latin	moderate	moderate	n/a	SCR	Currencies	Eastern Africa	Eastern Africa: Seychelles	SCR-name-other	https://st.unicode.org/v#/to//663cea481a3cc5f3
to	Tongan	Latin	moderate	moderate	n/a	SDG	Currencies	Northern Africa	Northern Africa: Sudan	SDG-name	https://st.unicode.org/v#/to//54cd69dd09b60c61
to	Tongan	Latin	moderate	moderate	n/a	SDG	Currencies	Northern Africa	Northern Africa: Sudan	SDG-name-other	https://st.unicode.org/v#/to//7ef28a8bba78a868
to	Tongan	Latin	moderate	moderate	n/a	SEK	Currencies	Northern/Western Europe	Northern Europe: Sweden	SEK-name	https://st.unicode.org/v#/to//6e8fd0d1143af75f
to	Tongan	Latin	moderate	moderate	n/a	SEK	Currencies	Northern/Western Europe	Northern Europe: Sweden	SEK-name-other	https://st.unicode.org/v#/to//4a2c70ea05cb8aa4
to	Tongan	Latin	moderate	moderate	n/a	SGD	Currencies	Southeast Asia (C)	Southeast Asia: Singapore	SGD-name	https://st.unicode.org/v#/to//70830b3e6f11db5
to	Tongan	Latin	moderate	moderate	n/a	SGD	Currencies	Southeast Asia (C)	Southeast Asia: Singapore	SGD-name-other	https://st.unicode.org/v#/to//6428f96675ddacf8
to	Tongan	Latin	moderate	moderate	n/a	SHP	Currencies	Western Africa	Western Africa: St. Helena	SHP-name	https://st.unicode.org/v#/to//28151e8a003d50bb
to	Tongan	Latin	moderate	moderate	n/a	SHP	Currencies	Western Africa	Western Africa: St. Helena	SHP-name-other	https://st.unicode.org/v#/to//4de57af6d5a20bf8
to	Tongan	Latin	moderate	moderate	n/a	SLE	Currencies	Western Africa	Western Africa: Sierra Leone	SLE-name	https://st.unicode.org/v#/to//2c1c6b83758997be
to	Tongan	Latin	moderate	moderate	n/a	SLE	Currencies	Western Africa	Western Africa: Sierra Leone	SLE-name-other	https://st.unicode.org/v#/to//418ad404e9160ff5
to	Tongan	Latin	moderate	moderate	n/a	SLL	Currencies	Western Africa	Western Africa: Sierra Leone: SLL (old)	SLL-name	https://st.unicode.org/v#/to//770c9302f08cf129
to	Tongan	Latin	moderate	moderate	n/a	SLL	Currencies	Western Africa	Western Africa: Sierra Leone: SLL (old)	SLL-name-other	https://st.unicode.org/v#/to//7d9503e5da5eb88
to	Tongan	Latin	moderate	moderate	n/a	SOS	Currencies	Eastern Africa	Eastern Africa: Somalia	SOS-name	https://st.unicode.org/v#/to//aee0f2f76a417a2
to	Tongan	Latin	moderate	moderate	n/a	SOS	Currencies	Eastern Africa	Eastern Africa: Somalia	SOS-name-other	https://st.unicode.org/v#/to//749f8b496f3484c4
to	Tongan	Latin	moderate	moderate	n/a	SRD	Currencies	South America (C)	South America: Suriname	SRD-name	https://st.unicode.org/v#/to//2d5661ebf182ea67
to	Tongan	Latin	moderate	moderate	n/a	SRD	Currencies	South America (C)	South America: Suriname	SRD-name-other	https://st.unicode.org/v#/to//366a410afdcfb950
to	Tongan	Latin	moderate	moderate	n/a	SSP	Currencies	Eastern Africa	Eastern Africa: South Sudan	SSP-name	https://st.unicode.org/v#/to//1e4c9b46e8332814
to	Tongan	Latin	moderate	moderate	n/a	SSP	Currencies	Eastern Africa	Eastern Africa: South Sudan	SSP-name-other	https://st.unicode.org/v#/to//7af581760f38b029
to	Tongan	Latin	moderate	moderate	n/a	STN	Currencies	Middle Africa	Middle Africa: São Tomé & Príncipe	STN-name	https://st.unicode.org/v#/to//6c58702da7f5f975
to	Tongan	Latin	moderate	moderate	n/a	STN	Currencies	Middle Africa	Middle Africa: São Tomé & Príncipe	STN-name-other	https://st.unicode.org/v#/to//125750abb2fa6f0d
to	Tongan	Latin	moderate	moderate	n/a	SYP	Currencies	Western Asia (C)	Western Asia: Syria	SYP-name	https://st.unicode.org/v#/to//1c6ac79009378a3e
to	Tongan	Latin	moderate	moderate	n/a	SYP	Currencies	Western Asia (C)	Western Asia: Syria	SYP-name-other	https://st.unicode.org/v#/to//6588bf9738df391b
to	Tongan	Latin	moderate	moderate	n/a	SZL	Currencies	Southern Africa	Southern Africa: Eswatini	SZL-name	https://st.unicode.org/v#/to//64d98e6d10652a8f
to	Tongan	Latin	moderate	moderate	n/a	SZL	Currencies	Southern Africa	Southern Africa: Eswatini	SZL-name-other	https://st.unicode.org/v#/to//7483a173a3ea8705
to	Tongan	Latin	moderate	moderate	n/a	THB	Currencies	Southeast Asia (C)	Southeast Asia: Thailand	THB-name	https://st.unicode.org/v#/to//79ce9b6bb53c155f
to	Tongan	Latin	moderate	moderate	n/a	THB	Currencies	Southeast Asia (C)	Southeast Asia: Thailand	THB-name-other	https://st.unicode.org/v#/to//39ec430e6814d4be
to	Tongan	Latin	moderate	moderate	n/a	TJS	Currencies	Central Asia (C)	Central Asia: Tajikistan	TJS-name	https://st.unicode.org/v#/to//1ccf83fe883999fa
to	Tongan	Latin	moderate	moderate	n/a	TJS	Currencies	Central Asia (C)	Central Asia: Tajikistan	TJS-name-other	https://st.unicode.org/v#/to//5e565de05c2907bd
to	Tongan	Latin	moderate	moderate	n/a	TMT	Currencies	Central Asia (C)	Central Asia: Turkmenistan	TMT-name	https://st.unicode.org/v#/to//75860000e92b8b02
to	Tongan	Latin	moderate	moderate	n/a	TMT	Currencies	Central Asia (C)	Central Asia: Turkmenistan	TMT-name-other	https://st.unicode.org/v#/to//42a472578581176a
to	Tongan	Latin	moderate	moderate	n/a	TND	Currencies	Northern Africa	Northern Africa: Tunisia	TND-name	https://st.unicode.org/v#/to//73a60a5d0bdef125
to	Tongan	Latin	moderate	moderate	n/a	TND	Currencies	Northern Africa	Northern Africa: Tunisia	TND-name-other	https://st.unicode.org/v#/to//245ef6da57371757
to	Tongan	Latin	moderate	moderate	n/a	TRY	Currencies	Western Asia (C)	Western Asia: Türkiye	TRY-name	https://st.unicode.org/v#/to//6411097bf18d98f4
to	Tongan	Latin	moderate	moderate	n/a	TRY	Currencies	Western Asia (C)	Western Asia: Türkiye	TRY-name-other	https://st.unicode.org/v#/to//58b39ea2dc1b0a21
to	Tongan	Latin	moderate	moderate	n/a	TTD	Currencies	North America (C)	Caribbean: Trinidad & Tobago	TTD-name	https://st.unicode.org/v#/to//1b35ad5dfa4a275b
to	Tongan	Latin	moderate	moderate	n/a	TTD	Currencies	North America (C)	Caribbean: Trinidad & Tobago	TTD-name-other	https://st.unicode.org/v#/to//6266a09bb76629e4
to	Tongan	Latin	moderate	moderate	n/a	TWD	Currencies	Eastern Asia (C)	Eastern Asia: Taiwan	TWD-name	https://st.unicode.org/v#/to//5f7acd68757a6f54
to	Tongan	Latin	moderate	moderate	n/a	TWD	Currencies	Eastern Asia (C)	Eastern Asia: Taiwan	TWD-name-other	https://st.unicode.org/v#/to//259b54921bcd9b12
to	Tongan	Latin	moderate	moderate	n/a	TZS	Currencies	Eastern Africa	Eastern Africa: Tanzania	TZS-name	https://st.unicode.org/v#/to//c06401c2e762cc3
to	Tongan	Latin	moderate	moderate	n/a	TZS	Currencies	Eastern Africa	Eastern Africa: Tanzania	TZS-name-other	https://st.unicode.org/v#/to//e0fe70b059b5d70
to	Tongan	Latin	moderate	moderate	n/a	UAH	Currencies	Southern/Eastern Europe	Eastern Europe: Ukraine	UAH-name	https://st.unicode.org/v#/to//5b3dc472f0f89855
to	Tongan	Latin	moderate	moderate	n/a	UAH	Currencies	Southern/Eastern Europe	Eastern Europe: Ukraine	UAH-name-other	https://st.unicode.org/v#/to//11045d7d4af40497
to	Tongan	Latin	moderate	moderate	n/a	UGX	Currencies	Eastern Africa	Eastern Africa: Uganda	UGX-name	https://st.unicode.org/v#/to//70ad1080e10b0c4
to	Tongan	Latin	moderate	moderate	n/a	UGX	Currencies	Eastern Africa	Eastern Africa: Uganda	UGX-name-other	https://st.unicode.org/v#/to//233e89b75528a379
to	Tongan	Latin	moderate	moderate	n/a	USD	Currencies	North America (C)	Northern America: United States	USD-name	https://st.unicode.org/v#/to//373485933b14a065
to	Tongan	Latin	moderate	moderate	n/a	USD	Currencies	North America (C)	Northern America: United States	USD-name-other	https://st.unicode.org/v#/to//d262a61b952e7df
to	Tongan	Latin	moderate	moderate	n/a	UYU	Currencies	South America (C)	South America: Uruguay	UYU-name	https://st.unicode.org/v#/to//4b184ef10ba5b933
to	Tongan	Latin	moderate	moderate	n/a	UYU	Currencies	South America (C)	South America: Uruguay	UYU-name-other	https://st.unicode.org/v#/to//47653eb433702576
to	Tongan	Latin	moderate	moderate	n/a	UZS	Currencies	Central Asia (C)	Central Asia: Uzbekistan	UZS-name	https://st.unicode.org/v#/to//6e2f836249b6bad8
to	Tongan	Latin	moderate	moderate	n/a	UZS	Currencies	Central Asia (C)	Central Asia: Uzbekistan	UZS-name-other	https://st.unicode.org/v#/to//3847c97b0e7dc012
to	Tongan	Latin	moderate	moderate	n/a	VES	Currencies	South America (C)	South America: Venezuela	VES-name	https://st.unicode.org/v#/to//1fc1d6845d2b7bd8
to	Tongan	Latin	moderate	moderate	n/a	VES	Currencies	South America (C)	South America: Venezuela	VES-name-other	https://st.unicode.org/v#/to//1c41a8e6bc4d7e70
to	Tongan	Latin	moderate	moderate	n/a	VND	Currencies	Southeast Asia (C)	Southeast Asia: Vietnam	VND-name	https://st.unicode.org/v#/to//23e936abfc604eea
to	Tongan	Latin	moderate	moderate	n/a	VND	Currencies	Southeast Asia (C)	Southeast Asia: Vietnam	VND-name-other	https://st.unicode.org/v#/to//24adb55e48861a14
to	Tongan	Latin	moderate	moderate	n/a	XAF	Currencies	Middle Africa	Middle Africa: Cameroon	XAF-name	https://st.unicode.org/v#/to//59950f0984422791
to	Tongan	Latin	moderate	moderate	n/a	XAF	Currencies	Middle Africa	Middle Africa: Cameroon	XAF-name-other	https://st.unicode.org/v#/to//33a0b90dde75a54d
to	Tongan	Latin	moderate	moderate	n/a	XCD	Currencies	North America (C)	Caribbean: St. Lucia	XCD-name	https://st.unicode.org/v#/to//47adb2fb4e385c44
to	Tongan	Latin	moderate	moderate	n/a	XCD	Currencies	North America (C)	Caribbean: St. Lucia	XCD-name-other	https://st.unicode.org/v#/to//3dbe7f0262fbca0c
to	Tongan	Latin	moderate	moderate	n/a	XCG	Currencies	North America (C)	Caribbean: Curaçao	XCG-name	https://st.unicode.org/v#/to//3dc582eba521f2ed
to	Tongan	Latin	moderate	moderate	n/a	XCG	Currencies	North America (C)	Caribbean: Curaçao	XCG-name-other	https://st.unicode.org/v#/to//1d749fe766a5ff6b
to	Tongan	Latin	moderate	moderate	n/a	XOF	Currencies	Western Africa	Western Africa: Côte d’Ivoire	XOF-name	https://st.unicode.org/v#/to//4a74ce35a9fa3778
to	Tongan	Latin	moderate	moderate	n/a	XOF	Currencies	Western Africa	Western Africa: Côte d’Ivoire	XOF-name-other	https://st.unicode.org/v#/to//65549279c516211c
to	Tongan	Latin	moderate	moderate	n/a	YER	Currencies	Western Asia (C)	Western Asia: Yemen	YER-name	https://st.unicode.org/v#/to//75799399ab241bea
to	Tongan	Latin	moderate	moderate	n/a	YER	Currencies	Western Asia (C)	Western Asia: Yemen	YER-name-other	https://st.unicode.org/v#/to//322127d1134e2203
to	Tongan	Latin	moderate	moderate	n/a	ZAR	Currencies	Southern Africa	Southern Africa: South Africa	ZAR-name	https://st.unicode.org/v#/to//55ded7c3e2119125
to	Tongan	Latin	moderate	moderate	n/a	ZAR	Currencies	Southern Africa	Southern Africa: South Africa	ZAR-name-other	https://st.unicode.org/v#/to//79ce671545a1de35
to	Tongan	Latin	moderate	moderate	n/a	ZMW	Currencies	Eastern Africa	Eastern Africa: Zambia	ZMW-name	https://st.unicode.org/v#/to//486757ac213b6cd7
to	Tongan	Latin	moderate	moderate	n/a	ZMW	Currencies	Eastern Africa	Eastern Africa: Zambia	ZMW-name-other	https://st.unicode.org/v#/to//5b92687755e570b4
to	Tongan	Latin	moderate	moderate	n/a	ZWG	Currencies	Eastern Africa	Eastern Africa: Zimbabwe	ZWG-name	https://st.unicode.org/v#/to//597a8bf1d9abe2a5
to	Tongan	Latin	moderate	moderate	n/a	ZWG	Currencies	Eastern Africa	Eastern Africa: Zimbabwe	ZWG-name-other	https://st.unicode.org/v#/to//47e96b4285144797
to	Tongan	Latin	moderate	moderate	n/a	Saaki	Locale Display Names	Territories (Europe)	Northern Europe	CQ	https://st.unicode.org/v#/to//7df36d3a79aacaf4
to	Tongan	Latin	moderate	moderate	n/a	#,##0.00	Numbers	Number Formatting Patterns	Standard Patterns 	standard-currency-noCurrency	https://st.unicode.org/v#/to//5e1a988d076003b6
