# Section	Page	Header	Code	Old	New
#Section	Page	Header	Code	Old	New
BCP47	u_Extension	tz-ancur	_region	▷missing◁	CW
BCP47	u_Extension	tz-aqams	_preferred	…	aqmcm
BCP47	u_Extension	tz-aqmcm	_alias	…	Antarctica/McMurdo Antarctica/South_Pole
BCP47	u_Extension	tz-clcxq	_alias	▷missing◁	America/Coyhaique
BCP47	u_Extension	tz-clcxq	_deprecated	▷missing◁	false
BCP47	u_Extension	tz-clcxq	_description	▷missing◁	Aysén Region, Chile
BCP47	u_Extension	tz-fimhq	_region	▷missing◁	AX
BCP47	u_Extension	tz-gazastrp	_region	▷missing◁	PS
BCP47	u_Extension	tz-gpmsb	_region	▷missing◁	MF
BCP47	u_Extension	tz-gpsbh	_region	▷missing◁	BL
BCP47	u_Extension	tz-hebron	_region	▷missing◁	PS
BCP47	u_Extension	tz-jeruslm	_region	▷missing◁	IL
BCP47	u_Extension	tz-nzakl	_alias	…	Pacific/Auckland NZ
#Section	Page	Header	Code	Old	New
Supplemental	Alias	language	dek-reason	▷missing◁	deprecated
Supplemental	Alias	language	dek-replacement	▷missing◁	sqm
Supplemental	Alias	language	mnk-reason	macrolanguage	▷removed◁
Supplemental	Alias	language	mnk-replacement	man	▷removed◁
Supplemental	Alias	language	nte-reason	▷missing◁	deprecated
Supplemental	Alias	language	nte-replacement	▷missing◁	eko
Supplemental	Alias	unit	part-per-million-replacement	…	part-per-1e6
Supplemental	Alias	unit	permillion-reason	▷missing◁	deprecated
Supplemental	Alias	unit	permillion-replacement	▷missing◁	part-per-1e6
Supplemental	Alias	unit	portion-per-1e9-reason	▷missing◁	deprecated
Supplemental	Alias	unit	portion-per-1e9-replacement	▷missing◁	part-per-1e9
Supplemental	IdValidity	language	deprecated	…	… • dek • … • nte • …
Supplemental	IdValidity	language	regular	…	… • del~n • … • hnm~o • … • luh~w • … • mna~s • … • ntd • … • sja~e • … • yna~b • …
Supplemental	IdValidity	script	regular	…	… • Berf • … • Chis • … • Sidt • … • Tayo • … • Tols • …
Supplemental	IdValidity	unit	deprecated	…	… • concentr-permillion • concentr-portion • concentr-portion-per-1e9 • … • length-100-kilometer • …
Supplemental	IdValidity	unit	regular	…	… • concentr-part • concentr-part-per-1e6 • concentr-part-per-1e9 • … • volume-cup-imperial • … • volume-fluid-ounce-metric • …
Supplemental	IdValidity	variant	regular	…	… • hanoi • … • huett • … • kleinsch • … • leidentr • … • mdcegyp • mdctrans • … • saigon • …
Supplemental	Locale	Parent	en_150	…	… • en_LT • en_LV • …
Supplemental	Locale	DefaultContent	plain	…	… • bqi_IR • … • bua_RU • … • kek_GT • … • ku_Arab_IQ • ku_Latn • ku_Latn_TR • … • lzz_TR • … • pi_Latn • pi_Latn_GB • … • pms_IT • … • sgs_LT • …
Supplemental	WZoneMapping	Magallanes Standard Time	CL	…	America/Punta_Arenas America/Coyhaique
Supplemental	Units	Quantity	part-value	▷missing◁	portion
Supplemental	Units	Quantity	portion-value	portion	▷removed◁
Supplemental	Units	Quantity	part-status	▷missing◁	simple
Supplemental	Units	Quantity	portion-status	simple	▷removed◁
Supplemental	Units	Convert	100-kilometer-baseUnit	meter	▷removed◁
Supplemental	Units	Convert	cup-imperial-baseUnit	▷missing◁	cubic-meter
Supplemental	Units	Convert	fluid-ounce-metric-baseUnit	▷missing◁	cubic-meter
Supplemental	Units	Convert	karat-baseUnit	…	part
Supplemental	Units	Convert	part-baseUnit	▷missing◁	part
Supplemental	Units	Convert	percent-baseUnit	…	part
Supplemental	Units	Convert	permille-baseUnit	…	part
Supplemental	Units	Convert	permillion-baseUnit	portion	▷removed◁
Supplemental	Units	Convert	permyriad-baseUnit	…	part
Supplemental	Units	Convert	portion-baseUnit	portion	▷removed◁
Supplemental	Units	Convert	100-kilometer-factor	100000	▷removed◁
Supplemental	Units	Convert	cup-imperial-factor	▷missing◁	gal_imp_to_m3/16
Supplemental	Units	Convert	fluid-ounce-metric-factor	▷missing◁	0.03*0.001
Supplemental	Units	Convert	permillion-factor	1/1000000	▷removed◁
Supplemental	Units	Convert	100-kilometer-systems	metric	▷removed◁
Supplemental	Units	Convert	100-kilometer-systems	si	▷removed◁
Supplemental	Units	Convert	cup-imperial-systems	▷missing◁	uksystem
Supplemental	Units	Convert	fluid-ounce-metric-systems	▷missing◁	metric_adjacent
Supplemental	Units	Convert	part-systems	▷missing◁	metric_adjacent
Supplemental	Units	Convert	part-systems	▷missing◁	uksystem
Supplemental	Units	Convert	part-systems	▷missing◁	ussystem
Supplemental	Units	Convert	permillion-systems	metric_adjacent	▷removed◁
Supplemental	Units	Convert	permillion-systems	uksystem	▷removed◁
Supplemental	Units	Convert	permillion-systems	ussystem	▷removed◁
Supplemental	Units	Convert	portion-systems	metric_adjacent	▷removed◁
Supplemental	Units	Convert	portion-systems	uksystem	▷removed◁
Supplemental	Units	Convert	portion-systems	ussystem	▷removed◁
Supplemental	Likely	Subtag	bsq	…	bsq_Latn_LR
Supplemental	Likely	Subtag	dek	dek_Latn_CM	▷removed◁
Supplemental	Likely	Subtag	kro	▷missing◁	kro_Latn_LR
Supplemental	Likely	Subtag	ku_AM	▷missing◁	ku_Cyrl_AM
Supplemental	Likely	Subtag	ku_AZ	▷missing◁	ku_Cyrl_AZ
Supplemental	Likely	Subtag	ku_Cyrl	▷missing◁	ku_Cyrl_AM
Supplemental	Likely	Subtag	ku_GE	▷missing◁	ku_Cyrl_GE
Supplemental	Likely	Subtag	ku_IQ	▷missing◁	ku_Arab_IQ
Supplemental	Likely	Subtag	ku_IR	▷missing◁	ku_Arab_IR
Supplemental	Likely	Subtag	ku_TM	▷missing◁	ku_Cyrl_TM
Supplemental	Likely	Subtag	lzh	…	lzh_Hant_CN
Supplemental	Likely	Subtag	mey	…	mey_Arab_DZ
Supplemental	Likely	Subtag	mey_Latn	▷missing◁	mey_Latn_SN
Supplemental	Likely	Subtag	mey_SN	▷missing◁	mey_Latn_SN
Supplemental	Likely	Subtag	nan_MO	▷missing◁	nan_Hant_MO
Supplemental	Likely	Subtag	nte	nte_Latn_MZ	▷removed◁
Supplemental	Likely	Subtag	pi	…	pi_Latn_GB
Supplemental	Likely	Subtag	pi_Deva	▷missing◁	pi_Deva_IN
Supplemental	Likely	Subtag	pi_IN	▷missing◁	pi_Deva_IN
Supplemental	Likely	Subtag	pi_LK	▷missing◁	pi_Sinh_LK
Supplemental	Likely	Subtag	pi_MM	▷missing◁	pi_Mymr_MM
Supplemental	Likely	Subtag	pi_Mymr	▷missing◁	pi_Mymr_MM
Supplemental	Likely	Subtag	pi_Sinh	▷missing◁	pi_Sinh_LK
Supplemental	Likely	Subtag	pi_TH	▷missing◁	pi_Thai_TH
Supplemental	Likely	Subtag	pi_Thai	▷missing◁	pi_Thai_TH
Supplemental	Likely	Subtag	pra	pra_Khar_PK	▷removed◁
Supplemental	Likely	Subtag	und_Berf	▷missing◁	zag_Berf_SD
Supplemental	Likely	Subtag	und_BY	…	ru_Cyrl_BY
Supplemental	Likely	Subtag	und_Chis	▷missing◁	kyw_Chis_IN
Supplemental	Likely	Subtag	und_Cyrl_BY	be_Cyrl_BY	▷removed◁
Supplemental	Likely	Subtag	und_Khar	…	pgd_Khar_PK
Supplemental	Likely	Subtag	und_Latn_GE	ku_Latn_GE	▷removed◁
Supplemental	Likely	Subtag	und_Nshu	zhx_Nshu_CN	▷removed◁
Supplemental	Likely	Subtag	und_Sidt	▷missing◁	xsd_Sidt_TR
Supplemental	Likely	Subtag	und_Tayo	▷missing◁	tyj_Tayo_VN
Supplemental	Likely	Subtag	und_Tols	▷missing◁	kru_Tols_IN
Supplemental	Likely	Subtag	xsd	▷missing◁	xsd_Sidt_TR
Supplemental	Likely	Subtag	zhx	zhx_Nshu_CN	▷removed◁
Supplemental	LanguageMatch	written_new	cnp-zh-distance	▷missing◁	10
Supplemental	LanguageMatch	written_new	cnp-zh-oneway	▷missing◁	true
Supplemental	LanguageMatch	written_new	csp-zh-distance	▷missing◁	10
Supplemental	LanguageMatch	written_new	csp-zh-oneway	▷missing◁	true
Supplemental	LanguageMatch	written_new	hnm-zh-distance	▷missing◁	10
Supplemental	LanguageMatch	written_new	hnm-zh-oneway	▷missing◁	true
Supplemental	LanguageMatch	written_new	luh-zh-distance	▷missing◁	10
Supplemental	LanguageMatch	written_new	luh-zh-oneway	▷missing◁	true
Supplemental	LanguageMatch	written_new	sjc-zh-distance	▷missing◁	10
Supplemental	LanguageMatch	written_new	sjc-zh-oneway	▷missing◁	true
Supplemental	LanguageInfo	AM/hy	populationPercent	…	99
Supplemental	LanguageInfo	AM/ku	writingPercent	▷missing◁	5
Supplemental	LanguageInfo	AM/ku_Cyrl	populationPercent	▷missing◁	3.3
Supplemental	LanguageInfo	AM/ru	populationPercent	▷missing◁	65
Supplemental	LanguageInfo	AZ/ku	writingPercent	▷missing◁	5
Supplemental	LanguageInfo	AZ/ku_Cyrl	populationPercent	▷missing◁	0.24
Supplemental	LanguageInfo	BY/be	populationPercent	…	26
Supplemental	LanguageInfo	BY/ru	populationPercent	…	71
Supplemental	LanguageInfo	BZ/bzj	populationPercent	▷missing◁	50
Supplemental	LanguageInfo	BZ/cab	populationPercent	▷missing◁	1.9
Supplemental	LanguageInfo	BZ/en	populationPercent	…	77
Supplemental	LanguageInfo	BZ/es	populationPercent	…	55
Supplemental	LanguageInfo	BZ/kek	populationPercent	▷missing◁	6.5
Supplemental	LanguageInfo	BZ/mop	populationPercent	▷missing◁	4
Supplemental	LanguageInfo	DZ/mey	populationPercent	▷missing◁	11
Supplemental	LanguageInfo	EH/mey	populationPercent	▷missing◁	0.0002
Supplemental	LanguageInfo	GB/pi	populationPercent	▷missing◁	0.0002
Supplemental	LanguageInfo	GE/ku	populationPercent	0.89	▷removed◁
Supplemental	LanguageInfo	GE/ku_Cyrl	populationPercent	▷missing◁	0.89
Supplemental	LanguageInfo	GT/acr	populationPercent	▷missing◁	1.1
Supplemental	LanguageInfo	GT/agu	populationPercent	▷missing◁	0.26
Supplemental	LanguageInfo	GT/caa	officialStatus	▷missing◁	official_regional
Supplemental	LanguageInfo	GT/caa	populationPercent	▷missing◁	0.13
Supplemental	LanguageInfo	GT/cab	populationPercent	▷missing◁	0.027
Supplemental	LanguageInfo	GT/cac	populationPercent	▷missing◁	0.43
Supplemental	LanguageInfo	GT/cak	officialStatus	▷missing◁	official_regional
Supplemental	LanguageInfo	GT/cak	populationPercent	▷missing◁	8.8
Supplemental	LanguageInfo	GT/ckz	populationPercent	▷missing◁	0.018
Supplemental	LanguageInfo	GT/en	populationPercent	▷missing◁	3.1
Supplemental	LanguageInfo	GT/es	populationPercent	…	88
Supplemental	LanguageInfo	GT/itz	populationPercent	▷missing◁	0.0091
Supplemental	LanguageInfo	GT/ixl	officialStatus	▷missing◁	official_regional
Supplemental	LanguageInfo	GT/ixl	populationPercent	▷missing◁	0.89
Supplemental	LanguageInfo	GT/jac	populationPercent	▷missing◁	0.31
Supplemental	LanguageInfo	GT/kek	populationPercent	▷missing◁	8.8
Supplemental	LanguageInfo	GT/kjb	populationPercent	▷missing◁	1.2
Supplemental	LanguageInfo	GT/knj	populationPercent	▷missing◁	0.58
Supplemental	LanguageInfo	GT/mam	populationPercent	▷missing◁	4.6
Supplemental	LanguageInfo	GT/mop	populationPercent	▷missing◁	0.018
Supplemental	LanguageInfo	GT/poc	populationPercent	▷missing◁	0.09
Supplemental	LanguageInfo	GT/poh	populationPercent	▷missing◁	1.2
Supplemental	LanguageInfo	GT/quc	populationPercent	…	8.6
Supplemental	LanguageInfo	GT/qum	populationPercent	▷missing◁	0.036
Supplemental	LanguageInfo	GT/quv	officialStatus	▷missing◁	official_regional
Supplemental	LanguageInfo	GT/quv	populationPercent	▷missing◁	0.054
Supplemental	LanguageInfo	GT/ttc	populationPercent	▷missing◁	0.027
Supplemental	LanguageInfo	GT/tzj	populationPercent	▷missing◁	0.61
Supplemental	LanguageInfo	GT/usp	officialStatus	▷missing◁	official_regional
Supplemental	LanguageInfo	GT/usp	populationPercent	▷missing◁	0.045
Supplemental	LanguageInfo	GT/xin	officialStatus	▷missing◁	official_regional
Supplemental	LanguageInfo	GT/xin	populationPercent	▷missing◁	0.027
Supplemental	LanguageInfo	HN/cab	populationPercent	▷missing◁	0.47
Supplemental	LanguageInfo	HN/es	populationPercent	…	91
Supplemental	LanguageInfo	IN/pi_Deva	populationPercent	▷missing◁	0
Supplemental	LanguageInfo	IQ/ckb	populationPercent	…	12
Supplemental	LanguageInfo	IQ/ku_Arab	populationPercent	▷missing◁	10
Supplemental	LanguageInfo	IR/ckb	populationPercent	…	0.63
Supplemental	LanguageInfo	IR/ku_Arab	populationPercent	▷missing◁	0.56
Supplemental	LanguageInfo	IR/sdh	populationPercent	…	4.5
Supplemental	LanguageInfo	IT/pms	populationPercent	…	1.1
Supplemental	LanguageInfo	LK/pi_Sinh	populationPercent	▷missing◁	0
Supplemental	LanguageInfo	LR/bsq	populationPercent	▷missing◁	14
Supplemental	LanguageInfo	LR/bza	populationPercent	▷missing◁	2.9
Supplemental	LanguageInfo	LR/dnj	literacyPercent	▷missing◁	1
Supplemental	LanguageInfo	LR/dnj	populationPercent	▷missing◁	7.9
Supplemental	LanguageInfo	LR/grb	populationPercent	▷missing◁	9.9
Supplemental	LanguageInfo	LR/kpe	populationPercent	…	20
Supplemental	LanguageInfo	LR/kro	populationPercent	▷missing◁	10
Supplemental	LanguageInfo	LR/kss	populationPercent	▷missing◁	4.3
Supplemental	LanguageInfo	LR/lir	populationPercent	▷missing◁	74
Supplemental	LanguageInfo	LR/men	populationPercent	…	1.7
Supplemental	LanguageInfo	LR/mev	populationPercent	▷missing◁	7.2
Supplemental	LanguageInfo	LR/vai	populationPercent	…	3.8
Supplemental	LanguageInfo	MA/mey	populationPercent	▷missing◁	0.82
Supplemental	LanguageInfo	MM/pi_Mymr	populationPercent	▷missing◁	0
Supplemental	LanguageInfo	MO/nan	populationPercent	3.7	▷removed◁
Supplemental	LanguageInfo	MO/nan_Hant	populationPercent	▷missing◁	3.7
Supplemental	LanguageInfo	MR/mey	populationPercent	▷missing◁	87
Supplemental	LanguageInfo	RU/bua	officialStatus	▷missing◁	official_regional
Supplemental	LanguageInfo	SN/mey	literacyPercent	10	▷removed◁
Supplemental	LanguageInfo	SN/mey	officialStatus	official_regional	▷removed◁
Supplemental	LanguageInfo	SN/mey	populationPercent	0.038	▷removed◁
Supplemental	LanguageInfo	SN/mey_Latn	literacyPercent	▷missing◁	10
Supplemental	LanguageInfo	SN/mey_Latn	officialStatus	▷missing◁	official_regional
Supplemental	LanguageInfo	SN/mey_Latn	populationPercent	▷missing◁	0.038
Supplemental	LanguageInfo	TH/pi_Thai	populationPercent	▷missing◁	0
Supplemental	LanguageInfo	TM/ku	populationPercent	0.4	▷removed◁
Supplemental	LanguageInfo	TM/ku_Cyrl	populationPercent	▷missing◁	0.4
Supplemental	LanguageInfo	TR/lzz	literacyPercent	▷missing◁	73
Supplemental	LanguageInfo	TR/lzz	populationPercent	…	0.025
Supplemental	Metazone	America/Coyhaique	-∞..2025-03-19 21:00	▷missing◁	Chile
Supplemental	Calendar	islamic	1-aliases	▷missing◁	bh
Supplemental	Calendar	islamic	1-code	▷missing◁	islamic-inverse
Supplemental	Calendar	islamic	1-end	▷missing◁	622-7-14
Supplemental	Calendar	islamic-civil	1-aliases	▷missing◁	bh
Supplemental	Calendar	islamic-civil	1-code	▷missing◁	islamic-civil-inverse
Supplemental	Calendar	islamic-civil	1-end	▷missing◁	622-7-15
Supplemental	Calendar	islamic-rgsa	1-aliases	▷missing◁	bh
Supplemental	Calendar	islamic-rgsa	1-code	▷missing◁	islamic-rgsa-inverse
Supplemental	Calendar	islamic-rgsa	1-end	▷missing◁	622-7-14
Supplemental	Calendar	islamic-tbla	1-aliases	▷missing◁	bh
Supplemental	Calendar	islamic-tbla	1-code	▷missing◁	islamic-tbla-inverse
Supplemental	Calendar	islamic-tbla	1-end	▷missing◁	622-7-14
Supplemental	Calendar	islamic-umalqura	1-aliases	▷missing◁	bh
Supplemental	Calendar	islamic-umalqura	1-code	▷missing◁	islamic-umalqura-inverse
Supplemental	Calendar	islamic-umalqura	1-end	▷missing◁	622-7-14
Supplemental	Calendar	japanese	232-start	…	1868-10-23
Supplemental	Calendar	japanese	233-start	…	1912-07-30
Supplemental	Calendar	japanese	235-start	…	1989-01-08
Supplemental	Calendar	japanese	236-start	…	2019-05-01
Supplemental	WeekData	firstDay	mon	…	…
Supplemental	WeekData	firstDay	sun	…	… • IS • …
Supplemental	WeekData	hours-H-regions	H	…	… • ku_SY • …
Supplemental	WeekData	hours-H-regions	hB	…	… • ku_SY • …
Supplemental	Language	aa	territories-secondary	DJ	▷removed◁
Supplemental	Language	aa	territories-secondary	ET	▷removed◁
Supplemental	Language	ab	territories-secondary	GE	▷removed◁
Supplemental	Language	abr	territories-secondary	GH	▷removed◁
Supplemental	Language	ace	territories-secondary	ID	▷removed◁
Supplemental	Language	ach	territories-secondary	UG	▷removed◁
Supplemental	Language	ada	territories-secondary	GH	▷removed◁
Supplemental	Language	ady	territories-secondary	RU	▷removed◁
Supplemental	Language	aeb	territories-secondary	TN	▷removed◁
Supplemental	Language	af	territories-secondary	NA	▷removed◁
Supplemental	Language	af	territories-secondary	ZA	▷removed◁
Supplemental	Language	ak	territories-secondary	GH	▷removed◁
Supplemental	Language	aln	territories-secondary	XK	▷removed◁
Supplemental	Language	am	territories	ET	▷removed◁
Supplemental	Language	apc	territories-secondary	IL	▷removed◁
Supplemental	Language	apc	territories-secondary	JO	▷removed◁
Supplemental	Language	apc	territories-secondary	LB	▷removed◁
Supplemental	Language	apc	territories-secondary	PS	▷removed◁
Supplemental	Language	apc	territories-secondary	SY	▷removed◁
Supplemental	Language	apc	territories-secondary	TR	▷removed◁
Supplemental	Language	apd	territories-secondary	SD	▷removed◁
Supplemental	Language	ar	territories	AE	▷removed◁
Supplemental	Language	ar	territories	BH	▷removed◁
Supplemental	Language	ar	territories	DJ	▷removed◁
Supplemental	Language	ar	territories	DZ	▷removed◁
Supplemental	Language	ar	territories	EG	▷removed◁
Supplemental	Language	ar	territories	EH	▷removed◁
Supplemental	Language	ar	territories	ER	▷removed◁
Supplemental	Language	ar	territories	IL	▷removed◁
Supplemental	Language	ar	territories	IQ	▷removed◁
Supplemental	Language	ar	territories	JO	▷removed◁
Supplemental	Language	ar	territories	KM	▷removed◁
Supplemental	Language	ar	territories	KW	▷removed◁
Supplemental	Language	ar	territories	LB	▷removed◁
Supplemental	Language	ar	territories	LY	▷removed◁
Supplemental	Language	ar	territories	MA	▷removed◁
Supplemental	Language	ar	territories	MR	▷removed◁
Supplemental	Language	ar	territories	OM	▷removed◁
Supplemental	Language	ar	territories	PS	▷removed◁
Supplemental	Language	ar	territories	QA	▷removed◁
Supplemental	Language	ar	territories	SA	▷removed◁
Supplemental	Language	ar	territories	SD	▷removed◁
Supplemental	Language	ar	territories	SO	▷removed◁
Supplemental	Language	ar	territories	SY	▷removed◁
Supplemental	Language	ar	territories	TD	▷removed◁
Supplemental	Language	ar	territories	TN	▷removed◁
Supplemental	Language	ar	territories	YE	▷removed◁
Supplemental	Language	ar	territories-secondary	IR	▷removed◁
Supplemental	Language	ar	territories-secondary	SS	▷removed◁
Supplemental	Language	arq	territories-secondary	DZ	▷removed◁
Supplemental	Language	ars	territories-secondary	SA	▷removed◁
Supplemental	Language	ary	territories-secondary	MA	▷removed◁
Supplemental	Language	arz	territories-secondary	EG	▷removed◁
Supplemental	Language	as	territories-secondary	IN	▷removed◁
Supplemental	Language	ast	territories-secondary	ES	▷removed◁
Supplemental	Language	av	territories-secondary	RU	▷removed◁
Supplemental	Language	awa	territories-secondary	IN	▷removed◁
Supplemental	Language	ay	territories	BO	▷removed◁
Supplemental	Language	az	scripts	…	…
Supplemental	Language	az	scripts-secondary	▷missing◁	Arab
Supplemental	Language	az	scripts-secondary	▷missing◁	Cyrl
Supplemental	Language	az	territories	AZ	▷removed◁
Supplemental	Language	az	territories-secondary	IQ	▷removed◁
Supplemental	Language	az	territories-secondary	IR	▷removed◁
Supplemental	Language	az	territories-secondary	RU	▷removed◁
Supplemental	Language	ba	territories-secondary	RU	▷removed◁
Supplemental	Language	bal	territories-secondary	IR	▷removed◁
Supplemental	Language	bal	territories-secondary	PK	▷removed◁
Supplemental	Language	ban	territories-secondary	ID	▷removed◁
Supplemental	Language	bar	territories-secondary	AT	▷removed◁
Supplemental	Language	bar	territories-secondary	DE	▷removed◁
Supplemental	Language	bbc	territories-secondary	ID	▷removed◁
Supplemental	Language	bci	territories-secondary	CI	▷removed◁
Supplemental	Language	be	territories	BY	▷removed◁
Supplemental	Language	bej	territories-secondary	SD	▷removed◁
Supplemental	Language	bem	territories-secondary	ZM	▷removed◁
Supplemental	Language	bew	territories-secondary	ID	▷removed◁
Supplemental	Language	bez	territories-secondary	TZ	▷removed◁
Supplemental	Language	bg	territories	BG	▷removed◁
Supplemental	Language	bgc	territories-secondary	IN	▷removed◁
Supplemental	Language	bgn	territories-secondary	PK	▷removed◁
Supplemental	Language	bhb	territories-secondary	IN	▷removed◁
Supplemental	Language	bhi	territories-secondary	IN	▷removed◁
Supplemental	Language	bho	territories-secondary	IN	▷removed◁
Supplemental	Language	bho	territories-secondary	NP	▷removed◁
Supplemental	Language	bi	territories	VU	▷removed◁
Supplemental	Language	bik	territories-secondary	PH	▷removed◁
Supplemental	Language	bin	territories-secondary	NG	▷removed◁
Supplemental	Language	bjj	territories-secondary	IN	▷removed◁
Supplemental	Language	bjn	territories-secondary	ID	▷removed◁
Supplemental	Language	bjt	territories-secondary	SN	▷removed◁
Supplemental	Language	bm	territories-secondary	ML	▷removed◁
Supplemental	Language	bn	territories	BD	▷removed◁
Supplemental	Language	bn	territories-secondary	IN	▷removed◁
Supplemental	Language	bo	territories-secondary	CN	▷removed◁
Supplemental	Language	bqi	territories-secondary	IR	▷removed◁
Supplemental	Language	brh	territories-secondary	PK	▷removed◁
Supplemental	Language	brx	territories-secondary	IN	▷removed◁
Supplemental	Language	bs	territories	BA	▷removed◁
Supplemental	Language	bsc	territories-secondary	SN	▷removed◁
Supplemental	Language	bsq	scripts	▷missing◁	Latn
Supplemental	Language	bsq	scripts-secondary	▷missing◁	Bass
Supplemental	Language	buc	territories-secondary	YT	▷removed◁
Supplemental	Language	bug	territories-secondary	ID	▷removed◁
Supplemental	Language	bum	territories-secondary	CM	▷removed◁
Supplemental	Language	ca	territories	AD	▷removed◁
Supplemental	Language	ca	territories-secondary	ES	▷removed◁
Supplemental	Language	ce	territories-secondary	RU	▷removed◁
Supplemental	Language	ceb	territories-secondary	PH	▷removed◁
Supplemental	Language	cgg	territories-secondary	UG	▷removed◁
Supplemental	Language	ch	territories	GU	▷removed◁
Supplemental	Language	chk	territories-secondary	FM	▷removed◁
Supplemental	Language	chp	territories-secondary	CA	▷removed◁
Supplemental	Language	ckb	territories-secondary	IQ	▷removed◁
Supplemental	Language	ckb	territories-secondary	IR	▷removed◁
Supplemental	Language	cop	territories-secondary	EG	▷removed◁
Supplemental	Language	crk	territories-secondary	CA	▷removed◁
Supplemental	Language	crs	territories-secondary	SC	▷removed◁
Supplemental	Language	cs	territories	CZ	▷removed◁
Supplemental	Language	cs	territories-secondary	SK	▷removed◁
Supplemental	Language	csb	territories-secondary	PL	▷removed◁
Supplemental	Language	cv	territories-secondary	RU	▷removed◁
Supplemental	Language	cy	territories-secondary	GB	▷removed◁
Supplemental	Language	da	territories	DK	▷removed◁
Supplemental	Language	da	territories-secondary	DE	▷removed◁
Supplemental	Language	dcc	territories-secondary	IN	▷removed◁
Supplemental	Language	de	territories	AT	▷removed◁
Supplemental	Language	de	territories	BE	▷removed◁
Supplemental	Language	de	territories	CH	▷removed◁
Supplemental	Language	de	territories	DE	▷removed◁
Supplemental	Language	de	territories	LI	▷removed◁
Supplemental	Language	de	territories	LU	▷removed◁
Supplemental	Language	de	territories-secondary	BR	▷removed◁
Supplemental	Language	de	territories-secondary	CZ	▷removed◁
Supplemental	Language	de	territories-secondary	DK	▷removed◁
Supplemental	Language	de	territories-secondary	FI	▷removed◁
Supplemental	Language	de	territories-secondary	FR	▷removed◁
Supplemental	Language	de	territories-secondary	GB	▷removed◁
Supplemental	Language	de	territories-secondary	HU	▷removed◁
Supplemental	Language	de	territories-secondary	KZ	▷removed◁
Supplemental	Language	de	territories-secondary	NL	▷removed◁
Supplemental	Language	de	territories-secondary	PL	▷removed◁
Supplemental	Language	de	territories-secondary	SI	▷removed◁
Supplemental	Language	de	territories-secondary	SK	▷removed◁
Supplemental	Language	de	territories-secondary	US	▷removed◁
Supplemental	Language	den	territories-secondary	CA	▷removed◁
Supplemental	Language	dgr	territories-secondary	CA	▷removed◁
Supplemental	Language	dje	territories-secondary	NE	▷removed◁
Supplemental	Language	dnj	territories-secondary	CI	▷removed◁
Supplemental	Language	doi	territories-secondary	IN	▷removed◁
Supplemental	Language	dv	territories	MV	▷removed◁
Supplemental	Language	dyo	territories-secondary	SN	▷removed◁
Supplemental	Language	dyu	territories-secondary	BF	▷removed◁
Supplemental	Language	dz	territories	BT	▷removed◁
Supplemental	Language	ee	territories-secondary	GH	▷removed◁
Supplemental	Language	ee	territories-secondary	TG	▷removed◁
Supplemental	Language	efi	territories-secondary	NG	▷removed◁
Supplemental	Language	el	territories	CY	▷removed◁
Supplemental	Language	el	territories	GR	▷removed◁
Supplemental	Language	en	territories	AG	▷removed◁
Supplemental	Language	en	territories	AI	▷removed◁
Supplemental	Language	en	territories	AS	▷removed◁
Supplemental	Language	en	territories	AU	▷removed◁
Supplemental	Language	en	territories	BB	▷removed◁
Supplemental	Language	en	territories	BI	▷removed◁
Supplemental	Language	en	territories	BM	▷removed◁
Supplemental	Language	en	territories	BS	▷removed◁
Supplemental	Language	en	territories	BW	▷removed◁
Supplemental	Language	en	territories	BZ	▷removed◁
Supplemental	Language	en	territories	CA	▷removed◁
Supplemental	Language	en	territories	CC	▷removed◁
Supplemental	Language	en	territories	CK	▷removed◁
Supplemental	Language	en	territories	CM	▷removed◁
Supplemental	Language	en	territories	CQ	▷removed◁
Supplemental	Language	en	territories	CX	▷removed◁
Supplemental	Language	en	territories	DG	▷removed◁
Supplemental	Language	en	territories	DM	▷removed◁
Supplemental	Language	en	territories	ER	▷removed◁
Supplemental	Language	en	territories	FJ	▷removed◁
Supplemental	Language	en	territories	FK	▷removed◁
Supplemental	Language	en	territories	FM	▷removed◁
Supplemental	Language	en	territories	GB	▷removed◁
Supplemental	Language	en	territories	GD	▷removed◁
Supplemental	Language	en	territories	GG	▷removed◁
Supplemental	Language	en	territories	GH	▷removed◁
Supplemental	Language	en	territories	GI	▷removed◁
Supplemental	Language	en	territories	GM	▷removed◁
Supplemental	Language	en	territories	GS	▷removed◁
Supplemental	Language	en	territories	GU	▷removed◁
Supplemental	Language	en	territories	GY	▷removed◁
Supplemental	Language	en	territories	HK	▷removed◁
Supplemental	Language	en	territories	IE	▷removed◁
Supplemental	Language	en	territories	IM	▷removed◁
Supplemental	Language	en	territories	IN	▷removed◁
Supplemental	Language	en	territories	IO	▷removed◁
Supplemental	Language	en	territories	JE	▷removed◁
Supplemental	Language	en	territories	JM	▷removed◁
Supplemental	Language	en	territories	KE	▷removed◁
Supplemental	Language	en	territories	KI	▷removed◁
Supplemental	Language	en	territories	KN	▷removed◁
Supplemental	Language	en	territories	KY	▷removed◁
Supplemental	Language	en	territories	LC	▷removed◁
Supplemental	Language	en	territories	LR	▷removed◁
Supplemental	Language	en	territories	LS	▷removed◁
Supplemental	Language	en	territories	MG	▷removed◁
Supplemental	Language	en	territories	MH	▷removed◁
Supplemental	Language	en	territories	MP	▷removed◁
Supplemental	Language	en	territories	MS	▷removed◁
Supplemental	Language	en	territories	MT	▷removed◁
Supplemental	Language	en	territories	MU	▷removed◁
Supplemental	Language	en	territories	MW	▷removed◁
Supplemental	Language	en	territories	NA	▷removed◁
Supplemental	Language	en	territories	NF	▷removed◁
Supplemental	Language	en	territories	NG	▷removed◁
Supplemental	Language	en	territories	NR	▷removed◁
Supplemental	Language	en	territories	NU	▷removed◁
Supplemental	Language	en	territories	NZ	▷removed◁
Supplemental	Language	en	territories	PG	▷removed◁
Supplemental	Language	en	territories	PH	▷removed◁
Supplemental	Language	en	territories	PK	▷removed◁
Supplemental	Language	en	territories	PN	▷removed◁
Supplemental	Language	en	territories	PR	▷removed◁
Supplemental	Language	en	territories	PW	▷removed◁
Supplemental	Language	en	territories	RW	▷removed◁
Supplemental	Language	en	territories	SB	▷removed◁
Supplemental	Language	en	territories	SC	▷removed◁
Supplemental	Language	en	territories	SD	▷removed◁
Supplemental	Language	en	territories	SG	▷removed◁
Supplemental	Language	en	territories	SH	▷removed◁
Supplemental	Language	en	territories	SL	▷removed◁
Supplemental	Language	en	territories	SS	▷removed◁
Supplemental	Language	en	territories	SX	▷removed◁
Supplemental	Language	en	territories	SZ	▷removed◁
Supplemental	Language	en	territories	TC	▷removed◁
Supplemental	Language	en	territories	TK	▷removed◁
Supplemental	Language	en	territories	TO	▷removed◁
Supplemental	Language	en	territories	TT	▷removed◁
Supplemental	Language	en	territories	TV	▷removed◁
Supplemental	Language	en	territories	TZ	▷removed◁
Supplemental	Language	en	territories	UG	▷removed◁
Supplemental	Language	en	territories	UM	▷removed◁
Supplemental	Language	en	territories	US	▷removed◁
Supplemental	Language	en	territories	VC	▷removed◁
Supplemental	Language	en	territories	VG	▷removed◁
Supplemental	Language	en	territories	VI	▷removed◁
Supplemental	Language	en	territories	VU	▷removed◁
Supplemental	Language	en	territories	WS	▷removed◁
Supplemental	Language	en	territories	ZA	▷removed◁
Supplemental	Language	en	territories	ZM	▷removed◁
Supplemental	Language	en	territories	ZW	▷removed◁
Supplemental	Language	en	territories-secondary	AC	▷removed◁
Supplemental	Language	en	territories-secondary	AE	▷removed◁
Supplemental	Language	en	territories-secondary	AR	▷removed◁
Supplemental	Language	en	territories-secondary	AT	▷removed◁
Supplemental	Language	en	territories-secondary	BA	▷removed◁
Supplemental	Language	en	territories-secondary	BD	▷removed◁
Supplemental	Language	en	territories-secondary	BE	▷removed◁
Supplemental	Language	en	territories-secondary	BG	▷removed◁
Supplemental	Language	en	territories-secondary	BR	▷removed◁
Supplemental	Language	en	territories-secondary	CH	▷removed◁
Supplemental	Language	en	territories-secondary	CL	▷removed◁
Supplemental	Language	en	territories-secondary	CY	▷removed◁
Supplemental	Language	en	territories-secondary	CZ	▷removed◁
Supplemental	Language	en	territories-secondary	DE	▷removed◁
Supplemental	Language	en	territories-secondary	DK	▷removed◁
Supplemental	Language	en	territories-secondary	DZ	▷removed◁
Supplemental	Language	en	territories-secondary	EE	▷removed◁
Supplemental	Language	en	territories-secondary	EG	▷removed◁
Supplemental	Language	en	territories-secondary	ES	▷removed◁
Supplemental	Language	en	territories-secondary	ET	▷removed◁
Supplemental	Language	en	territories-secondary	FI	▷removed◁
Supplemental	Language	en	territories-secondary	FR	▷removed◁
Supplemental	Language	en	territories-secondary	GR	▷removed◁
Supplemental	Language	en	territories-secondary	HR	▷removed◁
Supplemental	Language	en	territories-secondary	HU	▷removed◁
Supplemental	Language	en	territories-secondary	IL	▷removed◁
Supplemental	Language	en	territories-secondary	IQ	▷removed◁
Supplemental	Language	en	territories-secondary	IT	▷removed◁
Supplemental	Language	en	territories-secondary	JO	▷removed◁
Supplemental	Language	en	territories-secondary	KZ	▷removed◁
Supplemental	Language	en	territories-secondary	LB	▷removed◁
Supplemental	Language	en	territories-secondary	LK	▷removed◁
Supplemental	Language	en	territories-secondary	LT	▷removed◁
Supplemental	Language	en	territories-secondary	LU	▷removed◁
Supplemental	Language	en	territories-secondary	LV	▷removed◁
Supplemental	Language	en	territories-secondary	MA	▷removed◁
Supplemental	Language	en	territories-secondary	MO	▷removed◁
Supplemental	Language	en	territories-secondary	MV	▷removed◁
Supplemental	Language	en	territories-secondary	MX	▷removed◁
Supplemental	Language	en	territories-secondary	MY	▷removed◁
Supplemental	Language	en	territories-secondary	NL	▷removed◁
Supplemental	Language	en	territories-secondary	PL	▷removed◁
Supplemental	Language	en	territories-secondary	PT	▷removed◁
Supplemental	Language	en	territories-secondary	RO	▷removed◁
Supplemental	Language	en	territories-secondary	SE	▷removed◁
Supplemental	Language	en	territories-secondary	SI	▷removed◁
Supplemental	Language	en	territories-secondary	SK	▷removed◁
Supplemental	Language	en	territories-secondary	TA	▷removed◁
Supplemental	Language	en	territories-secondary	TH	▷removed◁
Supplemental	Language	en	territories-secondary	TR	▷removed◁
Supplemental	Language	en	territories-secondary	YE	▷removed◁
Supplemental	Language	es	territories	AR	▷removed◁
Supplemental	Language	es	territories	BO	▷removed◁
Supplemental	Language	es	territories	CL	▷removed◁
Supplemental	Language	es	territories	CO	▷removed◁
Supplemental	Language	es	territories	CR	▷removed◁
Supplemental	Language	es	territories	CU	▷removed◁
Supplemental	Language	es	territories	DO	▷removed◁
Supplemental	Language	es	territories	EA	▷removed◁
Supplemental	Language	es	territories	EC	▷removed◁
Supplemental	Language	es	territories	ES	▷removed◁
Supplemental	Language	es	territories	GQ	▷removed◁
Supplemental	Language	es	territories	GT	▷removed◁
Supplemental	Language	es	territories	HN	▷removed◁
Supplemental	Language	es	territories	IC	▷removed◁
Supplemental	Language	es	territories	MX	▷removed◁
Supplemental	Language	es	territories	NI	▷removed◁
Supplemental	Language	es	territories	PA	▷removed◁
Supplemental	Language	es	territories	PE	▷removed◁
Supplemental	Language	es	territories	PR	▷removed◁
Supplemental	Language	es	territories	PY	▷removed◁
Supplemental	Language	es	territories	SV	▷removed◁
Supplemental	Language	es	territories	UY	▷removed◁
Supplemental	Language	es	territories	VE	▷removed◁
Supplemental	Language	es	territories-secondary	AD	▷removed◁
Supplemental	Language	es	territories-secondary	BZ	▷removed◁
Supplemental	Language	es	territories-secondary	CA	▷removed◁
Supplemental	Language	es	territories-secondary	DE	▷removed◁
Supplemental	Language	es	territories-secondary	FR	▷removed◁
Supplemental	Language	es	territories-secondary	GB	▷removed◁
Supplemental	Language	es	territories-secondary	GI	▷removed◁
Supplemental	Language	es	territories-secondary	PH	▷removed◁
Supplemental	Language	es	territories-secondary	PT	▷removed◁
Supplemental	Language	es	territories-secondary	RO	▷removed◁
Supplemental	Language	es	territories-secondary	US	▷removed◁
Supplemental	Language	et	territories	EE	▷removed◁
Supplemental	Language	eu	territories-secondary	ES	▷removed◁
Supplemental	Language	fa	territories	AF	▷removed◁
Supplemental	Language	fa	territories	IR	▷removed◁
Supplemental	Language	fa	territories-secondary	PK	▷removed◁
Supplemental	Language	fan	territories-secondary	GQ	▷removed◁
Supplemental	Language	fbl	territories-secondary	PH	▷removed◁
Supplemental	Language	ff	territories-secondary	CM	▷removed◁
Supplemental	Language	ff	territories-secondary	GN	▷removed◁
Supplemental	Language	ff	territories-secondary	SN	▷removed◁
Supplemental	Language	ffm	territories-secondary	ML	▷removed◁
Supplemental	Language	fi	territories	FI	▷removed◁
Supplemental	Language	fi	territories-secondary	EE	▷removed◁
Supplemental	Language	fi	territories-secondary	SE	▷removed◁
Supplemental	Language	fil	territories	PH	▷removed◁
Supplemental	Language	fil	territories-secondary	US	▷removed◁
Supplemental	Language	fj	territories	FJ	▷removed◁
Supplemental	Language	fo	territories	FO	▷removed◁
Supplemental	Language	fon	territories-secondary	BJ	▷removed◁
Supplemental	Language	fr	territories	BE	▷removed◁
Supplemental	Language	fr	territories	BF	▷removed◁
Supplemental	Language	fr	territories	BI	▷removed◁
Supplemental	Language	fr	territories	BJ	▷removed◁
Supplemental	Language	fr	territories	BL	▷removed◁
Supplemental	Language	fr	territories	CA	▷removed◁
Supplemental	Language	fr	territories	CD	▷removed◁
Supplemental	Language	fr	territories	CF	▷removed◁
Supplemental	Language	fr	territories	CG	▷removed◁
Supplemental	Language	fr	territories	CH	▷removed◁
Supplemental	Language	fr	territories	CI	▷removed◁
Supplemental	Language	fr	territories	CM	▷removed◁
Supplemental	Language	fr	territories	DJ	▷removed◁
Supplemental	Language	fr	territories	DZ	▷removed◁
Supplemental	Language	fr	territories	FR	▷removed◁
Supplemental	Language	fr	territories	GA	▷removed◁
Supplemental	Language	fr	territories	GF	▷removed◁
Supplemental	Language	fr	territories	GN	▷removed◁
Supplemental	Language	fr	territories	GP	▷removed◁
Supplemental	Language	fr	territories	GQ	▷removed◁
Supplemental	Language	fr	territories	HT	▷removed◁
Supplemental	Language	fr	territories	KM	▷removed◁
Supplemental	Language	fr	territories	LU	▷removed◁
Supplemental	Language	fr	territories	MA	▷removed◁
Supplemental	Language	fr	territories	MC	▷removed◁
Supplemental	Language	fr	territories	MF	▷removed◁
Supplemental	Language	fr	territories	MG	▷removed◁
Supplemental	Language	fr	territories	ML	▷removed◁
Supplemental	Language	fr	territories	MQ	▷removed◁
Supplemental	Language	fr	territories	MU	▷removed◁
Supplemental	Language	fr	territories	NC	▷removed◁
Supplemental	Language	fr	territories	NE	▷removed◁
Supplemental	Language	fr	territories	PF	▷removed◁
Supplemental	Language	fr	territories	PM	▷removed◁
Supplemental	Language	fr	territories	RE	▷removed◁
Supplemental	Language	fr	territories	RW	▷removed◁
Supplemental	Language	fr	territories	SC	▷removed◁
Supplemental	Language	fr	territories	SN	▷removed◁
Supplemental	Language	fr	territories	TD	▷removed◁
Supplemental	Language	fr	territories	TG	▷removed◁
Supplemental	Language	fr	territories	TN	▷removed◁
Supplemental	Language	fr	territories	VU	▷removed◁
Supplemental	Language	fr	territories	WF	▷removed◁
Supplemental	Language	fr	territories	YT	▷removed◁
Supplemental	Language	fr	territories-secondary	AT	▷removed◁
Supplemental	Language	fr	territories-secondary	DE	▷removed◁
Supplemental	Language	fr	territories-secondary	GB	▷removed◁
Supplemental	Language	fr	territories-secondary	IT	▷removed◁
Supplemental	Language	fr	territories-secondary	LB	▷removed◁
Supplemental	Language	fr	territories-secondary	NL	▷removed◁
Supplemental	Language	fr	territories-secondary	PT	▷removed◁
Supplemental	Language	fr	territories-secondary	RO	▷removed◁
Supplemental	Language	fr	territories-secondary	ST	▷removed◁
Supplemental	Language	fr	territories-secondary	SY	▷removed◁
Supplemental	Language	fr	territories-secondary	TF	▷removed◁
Supplemental	Language	fr	territories-secondary	US	▷removed◁
Supplemental	Language	frr	territories-secondary	DE	▷removed◁
Supplemental	Language	fud	territories-secondary	WF	▷removed◁
Supplemental	Language	fuq	territories-secondary	NE	▷removed◁
Supplemental	Language	fuv	territories-secondary	NG	▷removed◁
Supplemental	Language	fvr	territories-secondary	SD	▷removed◁
Supplemental	Language	fy	territories-secondary	NL	▷removed◁
Supplemental	Language	ga	territories	IE	▷removed◁
Supplemental	Language	ga	territories-secondary	GB	▷removed◁
Supplemental	Language	gaa	territories-secondary	GH	▷removed◁
Supplemental	Language	gan	territories-secondary	CN	▷removed◁
Supplemental	Language	gbm	territories-secondary	IN	▷removed◁
Supplemental	Language	gcr	territories-secondary	GF	▷removed◁
Supplemental	Language	gd	territories-secondary	GB	▷removed◁
Supplemental	Language	gil	territories	KI	▷removed◁
Supplemental	Language	gl	territories-secondary	ES	▷removed◁
Supplemental	Language	glk	territories-secondary	IR	▷removed◁
Supplemental	Language	gn	territories	PY	▷removed◁
Supplemental	Language	gon	territories-secondary	IN	▷removed◁
Supplemental	Language	gor	territories-secondary	ID	▷removed◁
Supplemental	Language	gsw	territories	CH	▷removed◁
Supplemental	Language	gsw	territories	LI	▷removed◁
Supplemental	Language	gsw	territories-secondary	DE	▷removed◁
Supplemental	Language	gu	territories-secondary	GB	▷removed◁
Supplemental	Language	gu	territories-secondary	IN	▷removed◁
Supplemental	Language	gur	territories-secondary	GH	▷removed◁
Supplemental	Language	guz	territories-secondary	KE	▷removed◁
Supplemental	Language	gv	territories	IM	▷removed◁
Supplemental	Language	gwi	territories-secondary	CA	▷removed◁
Supplemental	Language	ha	territories-secondary	NE	▷removed◁
Supplemental	Language	ha	territories-secondary	NG	▷removed◁
Supplemental	Language	hak	scripts	…	…
Supplemental	Language	hak	scripts-secondary	▷missing◁	Hant
Supplemental	Language	hak	territories	TW	▷removed◁
Supplemental	Language	hak	territories-secondary	CN	▷removed◁
Supplemental	Language	haw	territories-secondary	US	▷removed◁
Supplemental	Language	haz	territories-secondary	AF	▷removed◁
Supplemental	Language	he	territories	IL	▷removed◁
Supplemental	Language	hi	territories	IN	▷removed◁
Supplemental	Language	hi	territories-secondary	FJ	▷removed◁
Supplemental	Language	hi	territories-secondary	IN	▷removed◁
Supplemental	Language	hi	territories-secondary	ZA	▷removed◁
Supplemental	Language	hif	territories	FJ	▷removed◁
Supplemental	Language	hil	territories-secondary	PH	▷removed◁
Supplemental	Language	hnd	territories-secondary	PK	▷removed◁
Supplemental	Language	hne	territories-secondary	IN	▷removed◁
Supplemental	Language	hno	territories-secondary	PK	▷removed◁
Supplemental	Language	ho	territories	PG	▷removed◁
Supplemental	Language	hoc	territories-secondary	IN	▷removed◁
Supplemental	Language	hoj	territories-secondary	IN	▷removed◁
Supplemental	Language	hr	territories	BA	▷removed◁
Supplemental	Language	hr	territories	HR	▷removed◁
Supplemental	Language	hr	territories-secondary	AT	▷removed◁
Supplemental	Language	hr	territories-secondary	RS	▷removed◁
Supplemental	Language	hr	territories-secondary	SI	▷removed◁
Supplemental	Language	hsn	territories-secondary	CN	▷removed◁
Supplemental	Language	ht	territories	HT	▷removed◁
Supplemental	Language	hu	territories	HU	▷removed◁
Supplemental	Language	hu	territories-secondary	AT	▷removed◁
Supplemental	Language	hu	territories-secondary	RO	▷removed◁
Supplemental	Language	hu	territories-secondary	RS	▷removed◁
Supplemental	Language	hy	territories	AM	▷removed◁
Supplemental	Language	hy	territories-secondary	RU	▷removed◁
Supplemental	Language	ibb	territories-secondary	NG	▷removed◁
Supplemental	Language	id	territories	ID	▷removed◁
Supplemental	Language	ig	territories-secondary	NG	▷removed◁
Supplemental	Language	ii	territories-secondary	CN	▷removed◁
Supplemental	Language	ilo	territories-secondary	PH	▷removed◁
Supplemental	Language	inh	territories-secondary	RU	▷removed◁
Supplemental	Language	is	territories	IS	▷removed◁
Supplemental	Language	it	territories	CH	▷removed◁
Supplemental	Language	it	territories	IT	▷removed◁
Supplemental	Language	it	territories	SM	▷removed◁
Supplemental	Language	it	territories	VA	▷removed◁
Supplemental	Language	it	territories-secondary	DE	▷removed◁
Supplemental	Language	it	territories-secondary	FR	▷removed◁
Supplemental	Language	it	territories-secondary	HR	▷removed◁
Supplemental	Language	it	territories-secondary	MT	▷removed◁
Supplemental	Language	it	territories-secondary	US	▷removed◁
Supplemental	Language	iu	territories-secondary	CA	▷removed◁
Supplemental	Language	ja	territories	JP	▷removed◁
Supplemental	Language	jam	territories-secondary	JM	▷removed◁
Supplemental	Language	jv	territories-secondary	ID	▷removed◁
Supplemental	Language	ka	territories	GE	▷removed◁
Supplemental	Language	kab	territories-secondary	DZ	▷removed◁
Supplemental	Language	kam	territories-secondary	KE	▷removed◁
Supplemental	Language	kbd	territories-secondary	RU	▷removed◁
Supplemental	Language	kde	territories-secondary	TZ	▷removed◁
Supplemental	Language	kea	territories-secondary	CV	▷removed◁
Supplemental	Language	kfr	territories-secondary	IN	▷removed◁
Supplemental	Language	kfy	territories-secondary	IN	▷removed◁
Supplemental	Language	kg	territories-secondary	CD	▷removed◁
Supplemental	Language	kha	territories-secondary	IN	▷removed◁
Supplemental	Language	khn	territories-secondary	IN	▷removed◁
Supplemental	Language	ki	territories-secondary	KE	▷removed◁
Supplemental	Language	kj	territories-secondary	NA	▷removed◁
Supplemental	Language	kk	territories	KZ	▷removed◁
Supplemental	Language	kk	territories-secondary	CN	▷removed◁
Supplemental	Language	kl	territories	GL	▷removed◁
Supplemental	Language	kl	territories-secondary	DK	▷removed◁
Supplemental	Language	kln	territories-secondary	KE	▷removed◁
Supplemental	Language	km	territories	KH	▷removed◁
Supplemental	Language	kmb	territories-secondary	AO	▷removed◁
Supplemental	Language	kn	territories-secondary	IN	▷removed◁
Supplemental	Language	knf	territories-secondary	SN	▷removed◁
Supplemental	Language	knn	territories-secondary	IN	▷removed◁
Supplemental	Language	ko	territories	KP	▷removed◁
Supplemental	Language	ko	territories	KR	▷removed◁
Supplemental	Language	ko	territories-secondary	CN	▷removed◁
Supplemental	Language	ko	territories-secondary	US	▷removed◁
Supplemental	Language	koi	territories-secondary	RU	▷removed◁
Supplemental	Language	kok	territories-secondary	IN	▷removed◁
Supplemental	Language	krc	territories-secondary	RU	▷removed◁
Supplemental	Language	kri	territories-secondary	SL	▷removed◁
Supplemental	Language	kro	scripts	▷missing◁	Latn
Supplemental	Language	kru	territories-secondary	IN	▷removed◁
Supplemental	Language	ks	territories-secondary	IN	▷removed◁
Supplemental	Language	ksb	territories-secondary	TZ	▷removed◁
Supplemental	Language	ku	scripts	…	…
Supplemental	Language	ku	scripts-secondary	▷missing◁	Arab
Supplemental	Language	ku	scripts-secondary	▷missing◁	Cyrl
Supplemental	Language	ku	territories-secondary	SY	▷removed◁
Supplemental	Language	ku	territories-secondary	TR	▷removed◁
Supplemental	Language	kum	territories-secondary	RU	▷removed◁
Supplemental	Language	kv	territories-secondary	RU	▷removed◁
Supplemental	Language	kxm	territories-secondary	TH	▷removed◁
Supplemental	Language	ky	territories	KG	▷removed◁
Supplemental	Language	la	territories-secondary	VA	▷removed◁
Supplemental	Language	lah	territories-secondary	PK	▷removed◁
Supplemental	Language	laj	territories-secondary	UG	▷removed◁
Supplemental	Language	lb	territories	LU	▷removed◁
Supplemental	Language	lbe	territories-secondary	RU	▷removed◁
Supplemental	Language	lez	territories-secondary	RU	▷removed◁
Supplemental	Language	lg	territories-secondary	UG	▷removed◁
Supplemental	Language	ljp	territories-secondary	ID	▷removed◁
Supplemental	Language	lmn	territories-secondary	IN	▷removed◁
Supplemental	Language	lmo	territories-secondary	IT	▷removed◁
Supplemental	Language	ln	territories-secondary	CD	▷removed◁
Supplemental	Language	lo	territories	LA	▷removed◁
Supplemental	Language	loz	territories-secondary	ZM	▷removed◁
Supplemental	Language	lrc	territories-secondary	IR	▷removed◁
Supplemental	Language	lt	territories	LT	▷removed◁
Supplemental	Language	lt	territories-secondary	PL	▷removed◁
Supplemental	Language	lu	territories-secondary	CD	▷removed◁
Supplemental	Language	lua	territories-secondary	CD	▷removed◁
Supplemental	Language	luo	territories-secondary	KE	▷removed◁
Supplemental	Language	luy	territories-secondary	KE	▷removed◁
Supplemental	Language	luz	territories-secondary	IR	▷removed◁
Supplemental	Language	lv	territories	LV	▷removed◁
Supplemental	Language	lzh	scripts	…	Hant
Supplemental	Language	mad	territories-secondary	ID	▷removed◁
Supplemental	Language	mag	territories-secondary	IN	▷removed◁
Supplemental	Language	mai	territories-secondary	IN	▷removed◁
Supplemental	Language	mai	territories-secondary	NP	▷removed◁
Supplemental	Language	mak	territories-secondary	ID	▷removed◁
Supplemental	Language	man	territories-secondary	GM	▷removed◁
Supplemental	Language	man	territories-secondary	GN	▷removed◁
Supplemental	Language	mdf	territories-secondary	RU	▷removed◁
Supplemental	Language	mdh	territories-secondary	PH	▷removed◁
Supplemental	Language	men	territories-secondary	SL	▷removed◁
Supplemental	Language	mer	territories-secondary	KE	▷removed◁
Supplemental	Language	mey	scripts	▷missing◁	Arab
Supplemental	Language	mey	scripts-secondary	▷missing◁	Latn
Supplemental	Language	mey	territories-secondary	SN	▷removed◁
Supplemental	Language	mfa	territories-secondary	TH	▷removed◁
Supplemental	Language	mfe	territories-secondary	MU	▷removed◁
Supplemental	Language	mfv	territories-secondary	SN	▷removed◁
Supplemental	Language	mg	territories	MG	▷removed◁
Supplemental	Language	mgh	territories-secondary	MZ	▷removed◁
Supplemental	Language	mh	territories	MH	▷removed◁
Supplemental	Language	mi	territories	NZ	▷removed◁
Supplemental	Language	min	territories-secondary	ID	▷removed◁
Supplemental	Language	mk	territories	MK	▷removed◁
Supplemental	Language	ml	territories-secondary	IN	▷removed◁
Supplemental	Language	mn	territories	MN	▷removed◁
Supplemental	Language	mn	territories-secondary	CN	▷removed◁
Supplemental	Language	mni	territories-secondary	IN	▷removed◁
Supplemental	Language	mos	territories-secondary	BF	▷removed◁
Supplemental	Language	mr	territories-secondary	IN	▷removed◁
Supplemental	Language	ms	territories	BN	▷removed◁
Supplemental	Language	ms	territories	MY	▷removed◁
Supplemental	Language	ms	territories	SG	▷removed◁
Supplemental	Language	ms	territories-secondary	CC	▷removed◁
Supplemental	Language	ms	territories-secondary	ID	▷removed◁
Supplemental	Language	mt	territories	MT	▷removed◁
Supplemental	Language	mtr	territories-secondary	IN	▷removed◁
Supplemental	Language	mwk	territories-secondary	ML	▷removed◁
Supplemental	Language	mwr	territories-secondary	IN	▷removed◁
Supplemental	Language	mxc	territories-secondary	ZW	▷removed◁
Supplemental	Language	my	territories	MM	▷removed◁
Supplemental	Language	myv	territories-secondary	RU	▷removed◁
Supplemental	Language	myx	territories-secondary	UG	▷removed◁
Supplemental	Language	mzn	territories-secondary	IR	▷removed◁
Supplemental	Language	na	territories	NR	▷removed◁
Supplemental	Language	nan	scripts	…	…
Supplemental	Language	nan	scripts-secondary	▷missing◁	Hant
Supplemental	Language	nan	territories	TW	▷removed◁
Supplemental	Language	nan	territories-secondary	CN	▷removed◁
Supplemental	Language	nb	territories	NO	▷removed◁
Supplemental	Language	nb	territories	SJ	▷removed◁
Supplemental	Language	nd	territories	ZW	▷removed◁
Supplemental	Language	ndc	territories-secondary	MZ	▷removed◁
Supplemental	Language	ndc	territories-secondary	ZW	▷removed◁
Supplemental	Language	nds	territories-secondary	DE	▷removed◁
Supplemental	Language	nds	territories-secondary	NL	▷removed◁
Supplemental	Language	ne	territories	NP	▷removed◁
Supplemental	Language	ne	territories-secondary	IN	▷removed◁
Supplemental	Language	new	territories-secondary	NP	▷removed◁
Supplemental	Language	ng	territories-secondary	NA	▷removed◁
Supplemental	Language	ngl	territories-secondary	MZ	▷removed◁
Supplemental	Language	nij	territories-secondary	ID	▷removed◁
Supplemental	Language	niu	territories	NU	▷removed◁
Supplemental	Language	nl	territories	AW	▷removed◁
Supplemental	Language	nl	territories	BE	▷removed◁
Supplemental	Language	nl	territories	BQ	▷removed◁
Supplemental	Language	nl	territories	CW	▷removed◁
Supplemental	Language	nl	territories	NL	▷removed◁
Supplemental	Language	nl	territories	SR	▷removed◁
Supplemental	Language	nl	territories	SX	▷removed◁
Supplemental	Language	nl	territories-secondary	DE	▷removed◁
Supplemental	Language	nn	territories	NO	▷removed◁
Supplemental	Language	no	territories	NO	▷removed◁
Supplemental	Language	no	territories-secondary	BV	▷removed◁
Supplemental	Language	nod	territories-secondary	TH	▷removed◁
Supplemental	Language	noe	territories-secondary	IN	▷removed◁
Supplemental	Language	nr	territories-secondary	ZA	▷removed◁
Supplemental	Language	nso	territories-secondary	ZA	▷removed◁
Supplemental	Language	ny	territories	MW	▷removed◁
Supplemental	Language	ny	territories-secondary	ZM	▷removed◁
Supplemental	Language	nym	territories-secondary	TZ	▷removed◁
Supplemental	Language	nyn	territories-secondary	UG	▷removed◁
Supplemental	Language	oc	territories-secondary	ES	▷removed◁
Supplemental	Language	oc	territories-secondary	FR	▷removed◁
Supplemental	Language	om	territories-secondary	ET	▷removed◁
Supplemental	Language	or	territories-secondary	IN	▷removed◁
Supplemental	Language	os	territories-secondary	GE	▷removed◁
Supplemental	Language	pa	scripts	…	…
Supplemental	Language	pa	scripts-secondary	▷missing◁	Arab
Supplemental	Language	pa	territories-secondary	CA	▷removed◁
Supplemental	Language	pa	territories-secondary	GB	▷removed◁
Supplemental	Language	pa	territories-secondary	IN	▷removed◁
Supplemental	Language	pa	territories-secondary	PK	▷removed◁
Supplemental	Language	pag	territories-secondary	PH	▷removed◁
Supplemental	Language	pam	territories-secondary	PH	▷removed◁
Supplemental	Language	pap	territories	AW	▷removed◁
Supplemental	Language	pap	territories	CW	▷removed◁
Supplemental	Language	pap	territories-secondary	BQ	▷removed◁
Supplemental	Language	pau	territories	PW	▷removed◁
Supplemental	Language	pcm	territories-secondary	NG	▷removed◁
Supplemental	Language	pi	scripts	…	Latn
Supplemental	Language	pi	scripts-secondary	…	… • Mymr • …
Supplemental	Language	pis	territories-secondary	SB	▷removed◁
Supplemental	Language	pl	territories	PL	▷removed◁
Supplemental	Language	pl	territories-secondary	GB	▷removed◁
Supplemental	Language	pon	territories-secondary	FM	▷removed◁
Supplemental	Language	ps	territories	AF	▷removed◁
Supplemental	Language	ps	territories-secondary	PK	▷removed◁
Supplemental	Language	pt	territories	AO	▷removed◁
Supplemental	Language	pt	territories	BR	▷removed◁
Supplemental	Language	pt	territories	CV	▷removed◁
Supplemental	Language	pt	territories	GQ	▷removed◁
Supplemental	Language	pt	territories	GW	▷removed◁
Supplemental	Language	pt	territories	MO	▷removed◁
Supplemental	Language	pt	territories	MZ	▷removed◁
Supplemental	Language	pt	territories	PT	▷removed◁
Supplemental	Language	pt	territories	ST	▷removed◁
Supplemental	Language	pt	territories	TL	▷removed◁
Supplemental	Language	qu	territories	BO	▷removed◁
Supplemental	Language	qu	territories	EC	▷removed◁
Supplemental	Language	qu	territories	PE	▷removed◁
Supplemental	Language	quc	territories-secondary	GT	▷removed◁
Supplemental	Language	qug	territories-secondary	EC	▷removed◁
Supplemental	Language	raj	territories-secondary	IN	▷removed◁
Supplemental	Language	rcf	territories-secondary	RE	▷removed◁
Supplemental	Language	rej	territories-secondary	ID	▷removed◁
Supplemental	Language	rif	territories-secondary	MA	▷removed◁
Supplemental	Language	rkt	territories-secondary	BD	▷removed◁
Supplemental	Language	rkt	territories-secondary	IN	▷removed◁
Supplemental	Language	rm	territories-secondary	CH	▷removed◁
Supplemental	Language	rmt	territories-secondary	IR	▷removed◁
Supplemental	Language	rn	territories	BI	▷removed◁
Supplemental	Language	rng	territories-secondary	MZ	▷removed◁
Supplemental	Language	ro	territories	MD	▷removed◁
Supplemental	Language	ro	territories	RO	▷removed◁
Supplemental	Language	ro	territories-secondary	RS	▷removed◁
Supplemental	Language	ru	territories	BY	▷removed◁
Supplemental	Language	ru	territories	KG	▷removed◁
Supplemental	Language	ru	territories	KZ	▷removed◁
Supplemental	Language	ru	territories	RU	▷removed◁
Supplemental	Language	ru	territories	UA	▷removed◁
Supplemental	Language	ru	territories-secondary	BG	▷removed◁
Supplemental	Language	ru	territories-secondary	DE	▷removed◁
Supplemental	Language	ru	territories-secondary	EE	▷removed◁
Supplemental	Language	ru	territories-secondary	IL	▷removed◁
Supplemental	Language	ru	territories-secondary	LT	▷removed◁
Supplemental	Language	ru	territories-secondary	LV	▷removed◁
Supplemental	Language	ru	territories-secondary	PL	▷removed◁
Supplemental	Language	ru	territories-secondary	SJ	▷removed◁
Supplemental	Language	ru	territories-secondary	TJ	▷removed◁
Supplemental	Language	ru	territories-secondary	UZ	▷removed◁
Supplemental	Language	rw	territories	RW	▷removed◁
Supplemental	Language	rw	territories-secondary	UG	▷removed◁
Supplemental	Language	sa	territories-secondary	IN	▷removed◁
Supplemental	Language	sah	territories-secondary	RU	▷removed◁
Supplemental	Language	sas	territories-secondary	ID	▷removed◁
Supplemental	Language	sat	territories-secondary	IN	▷removed◁
Supplemental	Language	sav	territories-secondary	SN	▷removed◁
Supplemental	Language	sc	territories-secondary	IT	▷removed◁
Supplemental	Language	sck	territories-secondary	IN	▷removed◁
Supplemental	Language	sco	territories-secondary	GB	▷removed◁
Supplemental	Language	sd	territories-secondary	IN	▷removed◁
Supplemental	Language	sd	territories-secondary	PK	▷removed◁
Supplemental	Language	sdh	territories-secondary	IR	▷removed◁
Supplemental	Language	se	territories-secondary	NO	▷removed◁
Supplemental	Language	sef	territories-secondary	CI	▷removed◁
Supplemental	Language	seh	territories-secondary	MZ	▷removed◁
Supplemental	Language	sg	territories	CF	▷removed◁
Supplemental	Language	shi	territories-secondary	MA	▷removed◁
Supplemental	Language	shn	territories-secondary	MM	▷removed◁
Supplemental	Language	si	territories	LK	▷removed◁
Supplemental	Language	sid	territories-secondary	ET	▷removed◁
Supplemental	Language	sk	territories	SK	▷removed◁
Supplemental	Language	sk	territories-secondary	CZ	▷removed◁
Supplemental	Language	sk	territories-secondary	RS	▷removed◁
Supplemental	Language	skr	territories-secondary	PK	▷removed◁
Supplemental	Language	sl	territories	SI	▷removed◁
Supplemental	Language	sl	territories-secondary	AT	▷removed◁
Supplemental	Language	sm	territories	AS	▷removed◁
Supplemental	Language	sm	territories	WS	▷removed◁
Supplemental	Language	sm	territories-secondary	TK	▷removed◁
Supplemental	Language	sms	territories-secondary	FI	▷removed◁
Supplemental	Language	sn	territories	ZW	▷removed◁
Supplemental	Language	snf	territories-secondary	SN	▷removed◁
Supplemental	Language	snk	territories-secondary	ML	▷removed◁
Supplemental	Language	so	territories	SO	▷removed◁
Supplemental	Language	so	territories-secondary	DJ	▷removed◁
Supplemental	Language	so	territories-secondary	ET	▷removed◁
Supplemental	Language	sou	territories-secondary	TH	▷removed◁
Supplemental	Language	sq	territories	AL	▷removed◁
Supplemental	Language	sq	territories	XK	▷removed◁
Supplemental	Language	sq	territories-secondary	MK	▷removed◁
Supplemental	Language	sq	territories-secondary	RS	▷removed◁
Supplemental	Language	sr	territories	BA	▷removed◁
Supplemental	Language	sr	territories	ME	▷removed◁
Supplemental	Language	sr	territories	RS	▷removed◁
Supplemental	Language	sr	territories	XK	▷removed◁
Supplemental	Language	srn	territories-secondary	SR	▷removed◁
Supplemental	Language	srr	territories-secondary	SN	▷removed◁
Supplemental	Language	ss	territories	SZ	▷removed◁
Supplemental	Language	ss	territories-secondary	ZA	▷removed◁
Supplemental	Language	st	territories	LS	▷removed◁
Supplemental	Language	st	territories-secondary	ZA	▷removed◁
Supplemental	Language	su	territories-secondary	ID	▷removed◁
Supplemental	Language	suk	territories-secondary	TZ	▷removed◁
Supplemental	Language	sus	territories-secondary	GN	▷removed◁
Supplemental	Language	sv	territories	AX	▷removed◁
Supplemental	Language	sv	territories	FI	▷removed◁
Supplemental	Language	sv	territories	SE	▷removed◁
Supplemental	Language	sw	territories	KE	▷removed◁
Supplemental	Language	sw	territories	TZ	▷removed◁
Supplemental	Language	sw	territories	UG	▷removed◁
Supplemental	Language	sw	territories-secondary	CD	▷removed◁
Supplemental	Language	swb	territories-secondary	YT	▷removed◁
Supplemental	Language	swv	territories-secondary	IN	▷removed◁
Supplemental	Language	syl	territories-secondary	BD	▷removed◁
Supplemental	Language	ta	territories	LK	▷removed◁
Supplemental	Language	ta	territories	SG	▷removed◁
Supplemental	Language	ta	territories-secondary	GB	▷removed◁
Supplemental	Language	ta	territories-secondary	IN	▷removed◁
Supplemental	Language	ta	territories-secondary	MY	▷removed◁
Supplemental	Language	tcy	territories-secondary	IN	▷removed◁
Supplemental	Language	te	territories-secondary	IN	▷removed◁
Supplemental	Language	tem	territories-secondary	SL	▷removed◁
Supplemental	Language	teo	territories-secondary	UG	▷removed◁
Supplemental	Language	tet	territories	TL	▷removed◁
Supplemental	Language	tg	territories	TJ	▷removed◁
Supplemental	Language	th	territories	TH	▷removed◁
Supplemental	Language	ti	territories	ER	▷removed◁
Supplemental	Language	ti	territories-secondary	ET	▷removed◁
Supplemental	Language	tig	territories-secondary	ER	▷removed◁
Supplemental	Language	tiv	territories-secondary	NG	▷removed◁
Supplemental	Language	tk	territories	TM	▷removed◁
Supplemental	Language	tk	territories-secondary	AF	▷removed◁
Supplemental	Language	tk	territories-secondary	IR	▷removed◁
Supplemental	Language	tkl	territories	TK	▷removed◁
Supplemental	Language	tly	territories-secondary	AZ	▷removed◁
Supplemental	Language	tmh	territories-secondary	NE	▷removed◁
Supplemental	Language	tn	territories	BW	▷removed◁
Supplemental	Language	tn	territories-secondary	ZA	▷removed◁
Supplemental	Language	tnr	territories-secondary	SN	▷removed◁
Supplemental	Language	to	territories	TO	▷removed◁
Supplemental	Language	toi	territories-secondary	ZM	▷removed◁
Supplemental	Language	tpi	territories	PG	▷removed◁
Supplemental	Language	tr	territories	CY	▷removed◁
Supplemental	Language	tr	territories	TR	▷removed◁
Supplemental	Language	tr	territories-secondary	DE	▷removed◁
Supplemental	Language	ts	territories-secondary	MZ	▷removed◁
Supplemental	Language	ts	territories-secondary	ZA	▷removed◁
Supplemental	Language	tsg	territories-secondary	PH	▷removed◁
Supplemental	Language	tt	territories-secondary	RU	▷removed◁
Supplemental	Language	tts	territories-secondary	TH	▷removed◁
Supplemental	Language	tum	territories-secondary	MW	▷removed◁
Supplemental	Language	tvl	territories	TV	▷removed◁
Supplemental	Language	ty	territories	PF	▷removed◁
Supplemental	Language	tyv	territories-secondary	RU	▷removed◁
Supplemental	Language	tzm	territories	MA	▷removed◁
Supplemental	Language	udm	territories-secondary	RU	▷removed◁
Supplemental	Language	ug	territories-secondary	CN	▷removed◁
Supplemental	Language	uk	territories	UA	▷removed◁
Supplemental	Language	uk	territories-secondary	RS	▷removed◁
Supplemental	Language	umb	territories-secondary	AO	▷removed◁
Supplemental	Language	und	territories-secondary	AQ	▷removed◁
Supplemental	Language	und	territories-secondary	CP	▷removed◁
Supplemental	Language	und	territories-secondary	HM	▷removed◁
Supplemental	Language	unr	territories-secondary	IN	▷removed◁
Supplemental	Language	ur	territories	PK	▷removed◁
Supplemental	Language	ur	territories-secondary	GB	▷removed◁
Supplemental	Language	ur	territories-secondary	IN	▷removed◁
Supplemental	Language	uz	territories	UZ	▷removed◁
Supplemental	Language	uz	territories-secondary	AF	▷removed◁
Supplemental	Language	ve	territories-secondary	ZA	▷removed◁
Supplemental	Language	vec	territories-secondary	BR	▷removed◁
Supplemental	Language	vec	territories-secondary	HR	▷removed◁
Supplemental	Language	vec	territories-secondary	IT	▷removed◁
Supplemental	Language	vec	territories-secondary	SI	▷removed◁
Supplemental	Language	vi	territories	VN	▷removed◁
Supplemental	Language	vi	territories-secondary	US	▷removed◁
Supplemental	Language	vls	territories-secondary	BE	▷removed◁
Supplemental	Language	vmf	territories-secondary	DE	▷removed◁
Supplemental	Language	vmw	territories-secondary	MZ	▷removed◁
Supplemental	Language	wal	territories-secondary	ET	▷removed◁
Supplemental	Language	war	territories-secondary	PH	▷removed◁
Supplemental	Language	wbq	territories-secondary	IN	▷removed◁
Supplemental	Language	wbr	territories-secondary	IN	▷removed◁
Supplemental	Language	wls	territories-secondary	WF	▷removed◁
Supplemental	Language	wni	territories	KM	▷removed◁
Supplemental	Language	wo	territories	SN	▷removed◁
Supplemental	Language	wtm	territories-secondary	IN	▷removed◁
Supplemental	Language	wuu	territories-secondary	CN	▷removed◁
Supplemental	Language	xh	territories-secondary	ZA	▷removed◁
Supplemental	Language	xnr	territories-secondary	IN	▷removed◁
Supplemental	Language	xog	territories-secondary	UG	▷removed◁
Supplemental	Language	yo	territories	NG	▷removed◁
Supplemental	Language	yue	scripts	…	…
Supplemental	Language	yue	scripts-secondary	▷missing◁	Hans
Supplemental	Language	yue	territories	MO	▷removed◁
Supplemental	Language	yue	territories-secondary	CN	▷removed◁
Supplemental	Language	yue	territories-secondary	HK	▷removed◁
Supplemental	Language	za	territories-secondary	CN	▷removed◁
Supplemental	Language	zdj	territories	KM	▷removed◁
Supplemental	Language	zgh	territories-secondary	MA	▷removed◁
Supplemental	Language	zh	scripts	…	…
Supplemental	Language	zh	scripts-secondary	…	… • Hant • …
Supplemental	Language	zh	territories	CN	▷removed◁
Supplemental	Language	zh	territories	HK	▷removed◁
Supplemental	Language	zh	territories	MO	▷removed◁
Supplemental	Language	zh	territories	SG	▷removed◁
Supplemental	Language	zh	territories	TW	▷removed◁
Supplemental	Language	zh	territories-secondary	CA	▷removed◁
Supplemental	Language	zh	territories-secondary	ID	▷removed◁
Supplemental	Language	zh	territories-secondary	MY	▷removed◁
Supplemental	Language	zh	territories-secondary	TH	▷removed◁
Supplemental	Language	zh	territories-secondary	US	▷removed◁
Supplemental	Language	zh	territories-secondary	VN	▷removed◁
Supplemental	Language	zu	territories-secondary	ZA	▷removed◁
Supplemental	Language	zza	territories-secondary	TR	▷removed◁
